day,week,month,year,day_of_week,is_weekend,Promo,sales_lag_1,sales_lag_7,sales_lag_14,sales_lag_28,rolling_mean_7,rolling_mean_14,rolling_mean_28,StateHoliday_a,StateHoliday_b,StateHoliday_c,StateHoliday_none,Sales
4,6,2,2013,0,0,1,5970.0,5598.0,4127.0,5530.0,5103.571428571428,5284.142857142857,5054.857142857143,0,0,0,1,7032
5,6,2,2013,1,0,1,7032.0,4055.0,5182.0,4327.0,5388.428571428572,5346.071428571428,5116.357142857143,0,0,0,1,6049
6,6,2,2013,2,0,1,6049.0,3725.0,5394.0,4486.0,5733.428571428572,5399.357142857143,5175.428571428572,0,0,0,1,6140
7,6,2,2013,3,0,1,6140.0,4601.0,5720.0,4997.0,5861.714285714285,5383.571428571428,5193.357142857143,0,0,0,1,5499
8,6,2,2013,4,0,1,5499.0,4709.0,5578.0,7176.0,6000.571428571428,5390.928571428572,5139.964285714285,0,0,0,1,5681
9,6,2,2013,5,1,0,5681.0,5633.0,5195.0,5580.0,5963.0,5403.428571428572,5132.464285714285,0,0,0,1,5370
11,7,2,2013,0,0,0,5370.0,5970.0,5586.0,5471.0,5740.0,5319.357142857143,5094.535714285715,0,0,0,1,4409
12,7,2,2013,1,0,0,4409.0,7032.0,5598.0,4892.0,5309.0,5206.285714285715,5063.214285714285,0,0,0,1,4015
13,7,2,2013,2,0,0,4015.0,6049.0,4055.0,4881.0,5052.285714285715,5220.357142857143,5040.75,0,0,0,1,4252
14,7,2,2013,3,0,0,4252.0,6140.0,3725.0,4952.0,4781.0,5257.214285714285,5015.357142857143,0,0,0,1,4241
15,7,2,2013,4,0,0,4241.0,5499.0,4601.0,4717.0,4682.428571428572,5272.071428571428,5018.642857142857,0,0,0,1,4809
16,7,2,2013,5,1,0,4809.0,5681.0,4709.0,3900.0,4750.0,5375.285714285715,5099.142857142857,0,0,0,1,6154
18,8,2,2013,0,0,1,6154.0,5370.0,5633.0,4008.0,4898.142857142857,5430.571428571428,5184.821428571428,0,0,0,1,6407
19,8,2,2013,1,0,1,6407.0,4409.0,5970.0,4044.0,5037.714285714285,5388.857142857143,5232.75,0,0,0,1,5386
20,8,2,2013,2,0,1,5386.0,4015.0,7032.0,4127.0,5272.714285714285,5290.857142857143,5287.5,0,0,0,1,5660
21,8,2,2013,3,0,1,5660.0,4252.0,6049.0,5182.0,5416.857142857143,5234.571428571428,5290.321428571428,0,0,0,1,5261
22,8,2,2013,4,0,1,5261.0,4241.0,6140.0,5394.0,5525.285714285715,5153.142857142857,5276.25,0,0,0,1,5000
23,8,2,2013,5,1,0,5000.0,4809.0,5499.0,5720.0,5586.428571428572,5134.428571428572,5259.0,0,0,0,1,5237
25,9,2,2013,0,0,0,5237.0,6154.0,5681.0,5578.0,5284.142857142857,5017.071428571428,5204.0,0,0,0,1,4038
26,9,2,2013,1,0,0,4038.0,6407.0,5370.0,5195.0,4910.857142857143,4904.5,5153.964285714285,0,0,0,1,3794
27,9,2,2013,2,0,0,3794.0,5386.0,4409.0,5586.0,4792.571428571428,4915.142857142857,5117.25,0,0,0,1,4558
28,9,2,2013,3,0,0,4558.0,5660.0,4015.0,5598.0,4652.0,4962.357142857143,5084.321428571428,0,0,0,1,4676
1,9,3,2013,4,0,0,4676.0,5261.0,4252.0,4055.0,4559.142857142857,4988.0,5104.178571428572,0,0,0,1,4611
2,9,3,2013,5,1,0,4611.0,5000.0,4241.0,3725.0,4609.142857142857,5067.214285714285,5162.214285714285,0,0,0,1,5350
4,10,3,2013,0,0,1,5350.0,5237.0,4809.0,4601.0,4957.428571428572,5271.928571428572,5272.0,0,0,0,1,7675
5,10,3,2013,1,0,1,7675.0,4038.0,6154.0,4709.0,5280.571428571428,5282.357142857143,5328.821428571428,0,0,0,1,6300
6,10,3,2013,2,0,1,6300.0,3794.0,6407.0,5633.0,5591.857142857143,5251.357142857143,5340.964285714285,0,0,0,1,5973
7,10,3,2013,3,0,1,5973.0,4558.0,5386.0,5970.0,5746.0,5269.285714285715,5329.071428571428,0,0,0,1,5637
8,10,3,2013,4,0,1,5637.0,4676.0,5660.0,7032.0,5914.142857142857,5283.071428571428,5286.964285714285,0,0,0,1,5853
9,10,3,2013,5,1,0,5853.0,4611.0,5261.0,6049.0,6052.285714285715,5305.714285714285,5270.142857142857,0,0,0,1,5578
11,11,3,2013,0,0,0,5578.0,5350.0,5000.0,6140.0,5995.0,5302.071428571428,5227.607142857143,0,0,0,1,4949
12,11,3,2013,1,0,0,4949.0,7675.0,5237.0,5499.0,5449.0,5203.214285714285,5168.821428571428,0,0,0,1,3853
13,11,3,2013,2,0,0,3853.0,6300.0,4038.0,5681.0,5169.142857142857,5224.857142857143,5120.964285714285,0,0,0,1,4341
14,11,3,2013,3,0,0,4341.0,5973.0,3794.0,5370.0,5045.571428571428,5318.714285714285,5111.607142857143,0,0,0,1,5108
15,11,3,2013,4,0,0,5108.0,5637.0,4558.0,4409.0,4943.857142857143,5344.928571428572,5130.035714285715,0,0,0,1,4925
16,11,3,2013,5,1,0,4925.0,5853.0,4676.0,4015.0,4822.428571428572,5368.285714285715,5165.321428571428,0,0,0,1,5003
18,12,3,2013,0,0,1,5003.0,5578.0,4611.0,4252.0,5035.857142857143,5544.071428571428,5266.035714285715,0,0,0,1,7072
19,12,3,2013,1,0,1,7072.0,4949.0,5350.0,4241.0,5266.428571428572,5630.714285714285,5348.964285714285,0,0,0,1,6563
20,12,3,2013,2,0,1,6563.0,3853.0,7675.0,4809.0,5515.714285714285,5482.357142857143,5377.142857142857,0,0,0,1,5598
21,12,3,2013,3,0,1,5598.0,4341.0,6300.0,6154.0,5635.428571428572,5402.285714285715,5342.321428571428,0,0,0,1,5179
22,12,3,2013,4,0,1,5179.0,5108.0,5973.0,6407.0,5692.285714285715,5368.928571428572,5310.142857142857,0,0,0,1,5506
23,12,3,2013,5,1,0,5506.0,4925.0,5637.0,5386.0,5789.142857142857,5366.5,5317.892857142857,0,0,0,1,5603
25,13,3,2013,0,0,1,5603.0,5003.0,5853.0,5660.0,6035.714285714285,5429.071428571428,5356.071428571428,0,0,0,1,6729
26,13,3,2013,1,0,1,6729.0,7072.0,5578.0,5261.0,5980.571428571428,5508.214285714285,5406.964285714285,0,0,0,1,6686
27,13,3,2013,2,0,1,6686.0,6563.0,4949.0,5000.0,5994.428571428572,5630.428571428572,5466.25,0,0,0,1,6660
28,13,3,2013,3,0,1,6660.0,5598.0,3853.0,5237.0,6235.428571428572,5875.571428571428,5539.392857142857,0,0,0,1,7285
30,13,3,2013,5,1,0,7285.0,5179.0,4341.0,4038.0,6514.428571428572,6074.928571428572,5649.892857142857,0,0,0,1,7132
2,14,4,2013,1,0,0,7132.0,5506.0,5108.0,3794.0,6511.285714285715,6101.785714285715,5710.25,0,0,0,1,5484
3,14,4,2013,2,0,0,5484.0,5603.0,4925.0,4558.0,6371.571428571428,6080.357142857143,5712.642857142857,0,0,0,1,4625
4,14,4,2013,3,0,0,4625.0,6729.0,5003.0,4676.0,6023.571428571428,6029.642857142857,5698.964285714285,0,0,0,1,4293
5,14,4,2013,4,0,0,4293.0,6686.0,7072.0,4611.0,5695.571428571428,5838.071428571428,5691.071428571428,0,0,0,1,4390
6,14,4,2013,5,1,0,4390.0,6660.0,6563.0,5350.0,5469.142857142857,5731.785714285715,5681.25,0,0,0,1,5075
8,15,4,2013,0,0,1,5075.0,7285.0,5598.0,7675.0,5292.142857142857,5763.785714285715,5623.071428571428,0,0,0,1,6046
9,15,4,2013,1,0,1,6046.0,7132.0,5179.0,6300.0,5061.0,5787.714285714285,5595.0,0,0,0,1,5514
10,15,4,2013,2,0,1,5514.0,5484.0,5506.0,5973.0,4978.0,5744.642857142857,5556.785714285715,0,0,0,1,4903
11,15,4,2013,3,0,1,4903.0,4625.0,5603.0,5637.0,4941.0,5656.285714285715,5511.392857142857,0,0,0,1,4366
12,15,4,2013,4,0,1,4366.0,4293.0,6729.0,5853.0,5079.571428571428,5551.571428571428,5490.321428571428,0,0,0,1,5263
13,15,4,2013,5,1,0,5263.0,4390.0,6686.0,5578.0,5134.285714285715,5414.928571428572,5461.571428571428,0,0,0,1,4773
15,16,4,2013,0,0,0,4773.0,5075.0,6660.0,4949.0,4972.285714285715,5220.714285714285,5425.571428571428,0,0,0,1,3941
16,16,4,2013,1,0,0,3941.0,6046.0,7285.0,3853.0,4588.142857142857,4940.142857142857,5407.857142857143,0,0,0,1,3357
17,16,4,2013,2,0,0,3357.0,5514.0,7132.0,4341.0,4321.714285714285,4691.357142857143,5383.142857142857,0,0,0,1,3649
18,16,4,2013,3,0,0,3649.0,4903.0,5484.0,5108.0,4043.0,4510.5,5306.142857142857,0,0,0,1,2952
19,16,4,2013,4,0,0,2952.0,4366.0,4625.0,4925.0,4034.0,4487.5,5283.928571428572,0,0,0,1,4303
20,16,4,2013,5,1,0,4303.0,5263.0,4293.0,5003.0,3903.5714285714284,4491.571428571428,5260.607142857143,0,0,0,1,4350
22,17,4,2013,0,0,1,4350.0,4773.0,4390.0,7072.0,4032.0,4583.142857142857,5210.607142857143,0,0,0,1,5672
23,17,4,2013,1,0,1,5672.0,3941.0,5075.0,6563.0,4110.714285714285,4541.5,5136.642857142857,0,0,0,1,4492
24,17,4,2013,2,0,1,4492.0,3357.0,6046.0,5598.0,4246.714285714285,4417.428571428572,5090.607142857143,0,0,0,1,4309
25,17,4,2013,3,0,1,4309.0,3649.0,5514.0,5179.0,4288.142857142857,4304.928571428572,5046.321428571428,0,0,0,1,3939
26,17,4,2013,4,0,1,3939.0,2952.0,4903.0,5506.0,4558.0,4300.5,5022.571428571428,0,0,0,1,4841
27,17,4,2013,5,1,0,4841.0,4303.0,4366.0,5603.0,4761.285714285715,4397.642857142857,5026.964285714285,0,0,0,1,5726
29,18,4,2013,0,0,1,5726.0,4350.0,5263.0,6729.0,4971.428571428572,4437.5,4994.535714285715,0,0,0,1,5821
30,18,4,2013,1,0,1,5821.0,5672.0,4773.0,6686.0,5007.571428571428,4519.785714285715,4967.357142857143,0,0,0,1,5925
2,18,5,2013,3,0,1,5925.0,4492.0,3941.0,6660.0,5292.428571428572,4701.571428571428,4961.142857142857,0,0,0,1,6486
3,18,5,2013,4,0,1,6486.0,4309.0,3357.0,7285.0,5537.857142857143,4892.285714285715,4916.214285714285,0,0,0,1,6027
4,18,5,2013,5,1,0,6027.0,3939.0,3649.0,7132.0,5819.714285714285,5053.928571428572,4872.642857142857,0,0,0,1,5912
6,19,5,2013,0,0,0,5912.0,4841.0,2952.0,5484.0,5780.714285714285,5169.357142857143,4839.928571428572,0,0,0,1,4568
7,19,5,2013,1,0,0,4568.0,5726.0,4303.0,4625.0,5623.285714285715,5192.285714285715,4839.892857142857,0,0,0,1,4624
8,19,5,2013,2,0,0,4624.0,5821.0,4350.0,4293.0,5538.857142857143,5255.142857142857,4873.357142857143,0,0,0,1,5230
10,19,5,2013,4,0,0,5230.0,5925.0,5672.0,4390.0,5465.142857142857,5236.357142857143,4909.75,0,0,0,1,5409
11,19,5,2013,5,1,0,5409.0,6486.0,4492.0,5075.0,5262.0,5277.214285714285,4909.357142857143,0,0,0,1,5064
13,20,5,2013,0,0,1,5064.0,6027.0,4309.0,6046.0,5273.285714285715,5405.571428571428,4911.5,0,0,0,1,6106
14,20,5,2013,1,0,1,6106.0,5912.0,3939.0,5514.0,5154.857142857143,5487.285714285715,4896.107142857143,0,0,0,1,5083
15,20,5,2013,2,0,1,5083.0,4568.0,4841.0,4903.0,5186.571428571428,5483.642857142857,4892.071428571428,0,0,0,1,4790
16,20,5,2013,3,0,1,4790.0,4624.0,5726.0,4366.0,5161.428571428572,5392.357142857143,4895.0,0,0,0,1,4448
17,20,5,2013,4,0,1,4448.0,5230.0,5821.0,5263.0,5108.0,5323.428571428572,4880.464285714285,0,0,0,1,4856
18,20,5,2013,5,1,0,4856.0,5409.0,5925.0,4773.0,4965.714285714285,5215.428571428572,4867.607142857143,0,0,0,1,4413
21,21,5,2013,1,0,0,4413.0,5064.0,6486.0,3941.0,4926.428571428572,5094.214285714285,4897.892857142857,0,0,0,1,4789
22,21,5,2013,2,0,0,4789.0,6106.0,6027.0,3357.0,4562.571428571428,4917.928571428572,4905.107142857143,0,0,0,1,3559
23,21,5,2013,3,0,0,3559.0,5083.0,5912.0,3649.0,4412.142857142857,4783.5,4918.714285714285,0,0,0,1,4030
24,21,5,2013,4,0,0,4030.0,4790.0,4568.0,2952.0,4332.428571428572,4759.5,4964.428571428572,0,0,0,1,4232
25,21,5,2013,5,1,0,4232.0,4448.0,4624.0,4303.0,4326.714285714285,4744.071428571428,4968.178571428572,0,0,0,1,4408
27,22,5,2013,0,0,1,4408.0,4856.0,5230.0,4350.0,4421.428571428572,4764.714285714285,5009.928571428572,0,0,0,1,5519
28,22,5,2013,1,0,1,5519.0,4413.0,5409.0,5672.0,4504.571428571428,4735.142857142857,4985.75,0,0,0,1,4995
29,22,5,2013,2,0,1,4995.0,4789.0,5064.0,4492.0,4646.714285714285,4786.571428571428,5031.892857142857,0,0,0,1,5784
31,22,5,2013,4,0,1,5784.0,3559.0,6106.0,4309.0,5265.857142857143,4914.214285714285,5159.892857142857,0,0,0,1,7893
1,22,6,2013,5,1,0,7893.0,4030.0,5083.0,3939.0,5503.428571428572,4957.785714285715,5222.535714285715,0,0,0,1,5693
3,23,6,2013,0,0,1,5693.0,4232.0,4790.0,4841.0,5673.428571428572,5002.928571428572,5243.285714285715,0,0,0,1,5422
4,23,6,2013,1,0,1,5422.0,4408.0,4448.0,5726.0,5789.428571428572,5058.071428571428,5225.214285714285,0,0,0,1,5220
5,23,6,2013,2,0,1,5220.0,5519.0,4856.0,5821.0,5717.0,5069.214285714285,5196.321428571428,0,0,0,1,5012
6,23,6,2013,3,0,1,5012.0,4995.0,4413.0,5925.0,5700.714285714285,5102.642857142857,5159.035714285715,0,0,0,1,4881
7,23,6,2013,4,0,1,4881.0,5784.0,4789.0,6486.0,5490.857142857143,5068.785714285715,5081.5,0,0,0,1,4315
8,23,6,2013,5,1,0,4315.0,7893.0,3559.0,6027.0,4972.142857142857,5119.0,5018.464285714285,0,0,0,1,4262
10,24,6,2013,0,0,0,4262.0,5693.0,4030.0,5912.0,4771.857142857143,5137.642857142857,4960.571428571428,0,0,0,1,4291
11,24,6,2013,1,0,0,4291.0,5422.0,4232.0,4568.0,4537.857142857143,5105.642857142857,4932.571428571428,0,0,0,1,3784
12,24,6,2013,2,0,0,3784.0,5220.0,4408.0,4624.0,4301.142857142857,5045.285714285715,4894.678571428572,0,0,0,1,3563
13,24,6,2013,3,0,0,3563.0,5012.0,5519.0,5230.0,4108.142857142857,4912.571428571428,4838.642857142857,0,0,0,1,3661
14,24,6,2013,4,0,0,3661.0,4881.0,4995.0,5409.0,4003.714285714286,4852.214285714285,4793.678571428572,0,0,0,1,4150
15,24,6,2013,5,1,0,4150.0,4315.0,5784.0,5064.0,4068.1428571428573,4779.5,4783.035714285715,0,0,0,1,4766
17,25,6,2013,0,0,1,4766.0,4262.0,7893.0,6106.0,4221.714285714285,4596.928571428572,4755.571428571428,0,0,0,1,5337
18,25,6,2013,1,0,1,5337.0,4291.0,5693.0,5083.0,4270.571428571428,4521.214285714285,4739.5,0,0,0,1,4633
19,25,6,2013,2,0,1,4633.0,3784.0,5422.0,4790.0,4327.142857142857,4432.5,4717.714285714285,0,0,0,1,4180
20,25,6,2013,3,0,1,4180.0,3563.0,5220.0,4448.0,4534.0,4417.571428571428,4737.821428571428,0,0,0,1,5011
21,25,6,2013,4,0,1,5011.0,3661.0,5012.0,4856.0,4750.0,4429.071428571428,4749.142857142857,0,0,0,1,5173
22,25,6,2013,5,1,0,5173.0,4150.0,4881.0,4413.0,4777.285714285715,4390.5,4746.571428571428,0,0,0,1,4341
24,26,6,2013,0,0,0,4341.0,4766.0,4315.0,4789.0,4603.428571428572,4335.785714285715,4702.285714285715,0,0,0,1,3549
25,26,6,2013,1,0,0,3549.0,5337.0,4262.0,3559.0,4489.0,4355.357142857143,4737.178571428572,0,0,0,1,4536
26,26,6,2013,2,0,0,4536.0,4633.0,4291.0,4030.0,4373.857142857143,4322.214285714285,4729.928571428572,0,0,0,1,3827
27,26,6,2013,3,0,0,3827.0,4180.0,3784.0,4232.0,4290.0,4308.571428571428,4707.107142857143,0,0,0,1,3593
28,26,6,2013,4,0,0,3593.0,5011.0,3563.0,4408.0,4203.714285714285,4368.857142857143,4707.071428571428,0,0,0,1,4407
29,26,6,2013,5,1,0,4407.0,5173.0,3661.0,5519.0,4293.857142857143,4521.928571428572,4717.25,0,0,0,1,5804
1,27,7,2013,0,0,1,5804.0,4341.0,4150.0,4995.0,4475.714285714285,4626.5,4739.357142857143,0,0,0,1,5614
2,27,7,2013,1,0,1,5614.0,3549.0,4766.0,5784.0,4807.0,4705.214285714285,4742.357142857143,0,0,0,1,5868
3,27,7,2013,2,0,1,5868.0,4536.0,5337.0,7893.0,4998.285714285715,4743.642857142857,4670.285714285715,0,0,0,1,5875
4,27,7,2013,3,0,1,5875.0,3827.0,4633.0,5693.0,5266.0,4819.928571428572,4670.571428571428,0,0,0,1,5701
5,27,7,2013,4,0,1,5701.0,3593.0,4180.0,5422.0,5465.0,4877.5,4655.0,0,0,0,1,4986
6,27,7,2013,5,1,0,4986.0,4407.0,5011.0,5220.0,5419.714285714285,4811.714285714285,4614.642857142857,0,0,0,1,4090
8,28,7,2013,0,0,0,4090.0,5804.0,5173.0,5012.0,5229.857142857143,4761.857142857143,4595.464285714285,0,0,0,1,4475
9,28,7,2013,1,0,0,4475.0,5614.0,4341.0,4881.0,5006.0,4740.857142857143,4565.678571428572,0,0,0,1,4047
10,28,7,2013,2,0,0,4047.0,5868.0,3549.0,4315.0,4733.857142857143,4770.428571428572,4553.107142857143,0,0,0,1,3963
11,28,7,2013,3,0,0,3963.0,5875.0,4536.0,4262.0,4473.571428571428,4735.928571428572,4545.642857142857,0,0,0,1,4053
12,28,7,2013,4,0,0,4053.0,5701.0,3827.0,4291.0,4249.714285714285,4757.857142857143,4540.035714285715,0,0,0,1,4134
13,28,7,2013,5,1,0,4134.0,4986.0,3593.0,3784.0,4111.0,4788.0,4548.285714285715,0,0,0,1,4015
15,29,7,2013,0,0,1,4015.0,4090.0,4407.0,3563.0,4437.714285714285,4928.714285714285,4648.785714285715,0,0,0,1,6377
16,29,7,2013,1,0,1,6377.0,4475.0,5804.0,3661.0,4604.571428571428,4917.214285714285,4719.571428571428,0,0,0,1,5643
17,29,7,2013,2,0,1,5643.0,4047.0,5614.0,4150.0,4733.0,4869.5,4748.0,0,0,0,1,4946
18,29,7,2013,3,0,1,4946.0,3963.0,5868.0,4766.0,4867.428571428572,4800.642857142857,4752.928571428572,0,0,0,1,4904
19,29,7,2013,4,0,1,4904.0,4053.0,5875.0,5337.0,4899.142857142857,4686.357142857143,4715.0,0,0,0,1,4275
20,29,7,2013,5,1,0,4275.0,4134.0,5701.0,4633.0,4940.142857142857,4594.928571428572,4707.428571428572,0,0,0,1,4421
22,30,7,2013,0,0,0,4421.0,4015.0,4986.0,4180.0,4959.285714285715,4535.142857142857,4706.321428571428,0,0,0,1,4149
23,30,7,2013,1,0,0,4149.0,6377.0,4090.0,5011.0,4610.714285714285,4524.214285714285,4667.964285714285,0,0,0,1,3937
24,30,7,2013,2,0,0,3937.0,5643.0,4475.0,5173.0,4354.428571428572,4479.5,4620.678571428572,0,0,0,1,3849
25,30,7,2013,3,0,0,3849.0,4946.0,4047.0,4341.0,4148.142857142857,4440.571428571428,4590.714285714285,0,0,0,1,3502
26,30,7,2013,4,0,0,3502.0,4904.0,3963.0,3549.0,4050.5714285714284,4459.0,4614.714285714285,0,0,0,1,4221
27,30,7,2013,5,1,0,4221.0,4275.0,4053.0,4536.0,3918.714285714286,4408.928571428572,4572.428571428572,0,0,0,1,3352
29,31,7,2013,0,0,1,3352.0,4421.0,4134.0,3827.0,4185.714285714285,4562.928571428572,4660.392857142857,0,0,0,1,6290
30,31,7,2013,1,0,1,6290.0,4149.0,4015.0,3593.0,4417.714285714285,4688.5,4738.25,0,0,0,1,5773
31,31,7,2013,2,0,1,5773.0,3937.0,6377.0,4407.0,4651.285714285715,4631.0,4779.857142857143,0,0,0,1,5572
1,31,8,2013,3,0,1,5572.0,3849.0,5643.0,5804.0,4814.857142857143,4584.642857142857,4750.928571428572,0,0,0,1,4994
2,31,8,2013,4,0,1,4994.0,3502.0,4946.0,5614.0,4956.571428571428,4552.357142857143,4710.928571428572,0,0,0,1,4494
3,31,8,2013,5,1,0,4494.0,4221.0,4904.0,5868.0,4990.857142857143,4520.714285714285,4660.678571428572,0,0,0,1,4461
5,32,8,2013,0,0,0,4461.0,3352.0,4275.0,5875.0,5095.714285714285,4507.214285714285,4596.785714285715,0,0,0,1,4086
6,32,8,2013,1,0,0,4086.0,6290.0,4421.0,5701.0,4708.857142857143,4447.285714285715,4521.107142857143,0,0,0,1,3582
7,32,8,2013,2,0,0,3582.0,5773.0,4149.0,4986.0,4476.0,4446.857142857143,4491.0,0,0,0,1,4143
8,32,8,2013,3,0,0,4143.0,5572.0,3937.0,4090.0,4205.714285714285,4428.5,4476.357142857143,0,0,0,1,3680
9,32,8,2013,4,0,0,3680.0,4994.0,3849.0,4475.0,3957.5714285714284,4386.214285714285,4432.857142857143,0,0,0,1,3257
10,32,8,2013,5,1,0,3257.0,4494.0,3502.0,4047.0,3853.8571428571427,4405.214285714285,4422.892857142857,0,0,0,1,3768
12,33,8,2013,0,0,1,3768.0,4461.0,4221.0,3963.0,3977.4285714285716,4484.142857142857,4471.571428571428,0,0,0,1,5326
13,33,8,2013,1,0,1,5326.0,4086.0,3352.0,4053.0,4150.714285714285,4623.214285714285,4516.071428571428,0,0,0,1,5299
14,33,8,2013,2,0,1,5299.0,3582.0,6290.0,4134.0,4313.857142857143,4511.357142857143,4537.142857142857,0,0,0,1,4724
15,33,8,2013,3,0,1,4724.0,4143.0,5773.0,4015.0,4375.571428571428,4425.785714285715,4557.142857142857,0,0,0,1,4575
16,33,8,2013,4,0,1,4575.0,3680.0,5572.0,6377.0,4500.142857142857,4352.928571428572,4491.964285714285,0,0,0,1,4552
17,33,8,2013,5,1,0,4552.0,3257.0,4994.0,5643.0,4617.428571428572,4287.5,4436.071428571428,0,0,0,1,4078
19,34,8,2013,0,0,0,4078.0,3768.0,4494.0,4946.0,4644.0,4248.928571428572,4400.642857142857,0,0,0,1,3954
20,34,8,2013,1,0,0,3954.0,5326.0,4461.0,4904.0,4382.0,4179.714285714285,4350.214285714285,0,0,0,1,3492
21,34,8,2013,2,0,0,3492.0,5299.0,4086.0,4275.0,4067.285714285714,4109.0,4308.107142857143,0,0,0,1,3096
22,34,8,2013,3,0,0,3096.0,4724.0,3582.0,4421.0,3921.4285714285716,4117.642857142857,4282.464285714285,0,0,0,1,3703
23,34,8,2013,4,0,0,3703.0,4575.0,4143.0,4149.0,3766.8571428571427,4071.214285714286,4259.035714285715,0,0,0,1,3493
24,34,8,2013,5,1,0,3493.0,4552.0,3680.0,3937.0,3795.4285714285716,4147.785714285715,4288.142857142857,0,0,0,1,4752
26,35,8,2013,0,0,1,4752.0,4078.0,3257.0,3849.0,3996.0,4306.714285714285,4346.464285714285,0,0,0,1,5482
27,35,8,2013,1,0,1,5482.0,3954.0,3768.0,3502.0,4167.714285714285,4405.857142857143,4405.535714285715,0,0,0,1,5156
28,35,8,2013,2,0,1,5156.0,3492.0,5326.0,4221.0,4323.571428571428,4352.785714285715,4418.464285714285,0,0,0,1,4583
29,35,8,2013,3,0,1,4583.0,3096.0,5299.0,3352.0,4567.571428571428,4317.428571428572,4470.321428571428,0,0,0,1,4804
30,35,8,2013,4,0,1,4804.0,3703.0,4724.0,6290.0,4819.857142857143,4370.642857142857,4441.0,0,0,0,1,5469
31,35,8,2013,5,1,0,5469.0,3493.0,4575.0,5773.0,5080.428571428572,4423.642857142857,4424.714285714285,0,0,0,1,5317
2,36,9,2013,0,0,0,5317.0,4752.0,4552.0,5572.0,5000.857142857143,4398.142857142857,4375.535714285715,0,0,0,1,4195
3,36,9,2013,1,0,0,4195.0,5482.0,4078.0,4994.0,4778.857142857143,4387.428571428572,4337.464285714285,0,0,0,1,3928
4,36,9,2013,2,0,0,3928.0,5156.0,3954.0,4494.0,4519.857142857143,4343.785714285715,4296.357142857143,0,0,0,1,3343
5,36,9,2013,3,0,0,3343.0,4583.0,3492.0,4461.0,4419.857142857143,4371.714285714285,4275.714285714285,0,0,0,1,3883
6,36,9,2013,4,0,0,3883.0,4804.0,3096.0,4086.0,4281.571428571428,4424.571428571428,4266.785714285715,0,0,0,1,3836
7,36,9,2013,5,1,0,3836.0,5469.0,3703.0,3582.0,4166.428571428572,4493.142857142857,4305.392857142857,0,0,0,1,4663
9,37,9,2013,0,0,1,4663.0,5317.0,3493.0,4143.0,4248.714285714285,4664.571428571428,4367.892857142857,0,0,0,1,5893
10,37,9,2013,1,0,1,5893.0,4195.0,4752.0,3680.0,4421.285714285715,4711.071428571428,4429.428571428572,0,0,0,1,5403
11,37,9,2013,2,0,1,5403.0,3928.0,5482.0,3257.0,4589.142857142857,4684.0,4495.357142857143,0,0,0,1,5103
12,37,9,2013,3,0,1,5103.0,3343.0,5156.0,3768.0,4837.142857142857,4678.5,4542.178571428572,0,0,0,1,5079
13,37,9,2013,4,0,1,5079.0,3883.0,4583.0,5326.0,5023.428571428572,4721.642857142857,4537.214285714285,0,0,0,1,5187
14,37,9,2013,5,1,0,5187.0,3836.0,4804.0,5299.0,5141.571428571428,4711.571428571428,4514.5,0,0,0,1,4663
16,38,9,2013,0,0,0,4663.0,4663.0,5469.0,4724.0,5082.428571428572,4624.428571428572,4497.535714285715,0,0,0,1,4249
17,38,9,2013,1,0,0,4249.0,5893.0,5317.0,4575.0,4767.0,4507.857142857143,4465.75,0,0,0,1,3685
18,38,9,2013,2,0,0,3685.0,5403.0,4195.0,4552.0,4558.857142857143,4490.071428571428,4444.107142857143,0,0,0,1,3946
19,38,9,2013,3,0,0,3946.0,5103.0,3928.0,4078.0,4360.857142857143,4475.0,4431.214285714285,0,0,0,1,3717
20,38,9,2013,4,0,0,3717.0,5079.0,3343.0,3954.0,4137.571428571428,4487.357142857143,4415.571428571428,0,0,0,1,3516
21,38,9,2013,5,1,0,3516.0,5187.0,3883.0,3492.0,3955.0,4489.214285714285,4430.464285714285,0,0,0,1,3909
23,39,9,2013,0,0,1,3909.0,4663.0,3836.0,3096.0,3970.285714285714,4555.928571428572,4490.25,0,0,0,1,4770
24,39,9,2013,1,0,1,4770.0,4249.0,4663.0,3703.0,3973.8571428571427,4528.142857142857,4510.642857142857,0,0,0,1,4274
25,39,9,2013,2,0,1,4274.0,3685.0,5893.0,3493.0,4049.1428571428573,4408.071428571428,4536.321428571428,0,0,0,1,4212
26,39,9,2013,3,0,1,4212.0,3946.0,5403.0,4752.0,4125.571428571428,4342.214285714285,4526.642857142857,0,0,0,1,4481
27,39,9,2013,4,0,1,4481.0,3717.0,5103.0,5482.0,4261.571428571428,4311.214285714285,4497.607142857143,0,0,0,1,4669
28,39,9,2013,5,1,0,4669.0,3516.0,5079.0,5156.0,4355.714285714285,4246.642857142857,4462.571428571428,0,0,0,1,4175
30,40,9,2013,0,0,0,4175.0,3909.0,5187.0,4583.0,4381.285714285715,4168.142857142857,4444.892857142857,0,0,0,1,4088
1,40,10,2013,1,0,0,4088.0,4770.0,4663.0,4804.0,4296.714285714285,4133.5,4422.535714285715,0,0,0,1,4178
2,40,10,2013,2,0,0,4178.0,4274.0,4249.0,5469.0,4257.714285714285,4115.785714285715,4370.107142857143,0,0,0,1,4001
4,40,10,2013,4,0,0,4001.0,4212.0,3685.0,5317.0,4434.142857142857,4241.642857142857,4374.75,0,0,0,1,5447
5,40,10,2013,5,1,0,5447.0,4481.0,3946.0,4195.0,4558.571428571428,4342.071428571428,4416.071428571428,0,0,0,1,5352
7,41,10,2013,0,0,1,5352.0,4669.0,3717.0,3928.0,4749.285714285715,4505.428571428572,4490.214285714285,0,0,0,1,6004
8,41,10,2013,1,0,1,6004.0,4175.0,3516.0,3343.0,4931.714285714285,4643.714285714285,4565.535714285715,0,0,0,1,5452
9,41,10,2013,2,0,1,5452.0,4088.0,3909.0,3883.0,5055.857142857143,4718.571428571428,4603.892857142857,0,0,0,1,4957
10,41,10,2013,3,0,1,4957.0,4178.0,4770.0,3836.0,5214.142857142857,4755.428571428572,4655.678571428572,0,0,0,1,5286
11,41,10,2013,4,0,1,5286.0,4001.0,4274.0,4663.0,5484.857142857143,4871.285714285715,4699.714285714285,0,0,0,1,5896
12,41,10,2013,5,1,0,5896.0,5447.0,4212.0,5893.0,5414.428571428572,4924.285714285715,4666.178571428572,0,0,0,1,4954
14,42,10,2013,0,0,0,4954.0,5352.0,4481.0,5403.0,5188.857142857143,4873.714285714285,4607.964285714285,0,0,0,1,3773
15,42,10,2013,1,0,0,3773.0,6004.0,4669.0,5103.0,4810.428571428572,4779.857142857143,4545.535714285715,0,0,0,1,3355
16,42,10,2013,2,0,0,3355.0,5452.0,4175.0,5079.0,4514.857142857143,4723.285714285715,4484.964285714285,0,0,0,1,3383
17,42,10,2013,3,0,0,3383.0,4957.0,4088.0,5187.0,4267.142857142857,4661.5,4414.821428571428,0,0,0,1,3223
18,42,10,2013,4,0,0,3223.0,5286.0,4178.0,4663.0,4021.4285714285716,4617.785714285715,4375.642857142857,0,0,0,1,3566
19,42,10,2013,5,1,0,3566.0,5896.0,4001.0,4249.0,3703.0,4593.928571428572,4354.857142857143,0,0,0,1,3667
21,43,10,2013,0,0,1,3667.0,4954.0,5447.0,3685.0,3717.4285714285716,4565.928571428572,4403.785714285715,0,0,0,1,5055
22,43,10,2013,1,0,1,5055.0,3773.0,5352.0,3946.0,3759.5714285714284,4474.214285714285,4408.142857142857,0,0,0,1,4068
23,43,10,2013,2,0,1,4068.0,3355.0,6004.0,3717.0,3939.1428571428573,4374.785714285715,4440.107142857143,0,0,0,1,4612
24,43,10,2013,3,0,1,4612.0,3383.0,5452.0,3516.0,4033.5714285714284,4274.214285714285,4458.964285714285,0,0,0,1,4044
25,43,10,2013,4,0,1,4044.0,3223.0,4957.0,3909.0,4226.428571428572,4246.785714285715,4482.678571428572,0,0,0,1,4573
26,43,10,2013,5,1,0,4573.0,3566.0,5286.0,4770.0,4338.0,4179.714285714285,4467.571428571428,0,0,0,1,4347
28,44,10,2013,0,0,0,4347.0,3667.0,5896.0,4274.0,4322.285714285715,4012.6428571428573,4441.964285714285,0,0,0,1,3557
29,44,10,2013,1,0,0,3557.0,5055.0,4954.0,4212.0,4134.0,3925.714285714286,4425.0,0,0,0,1,3737
30,44,10,2013,2,0,0,3737.0,4068.0,3773.0,4481.0,4141.285714285715,3950.4285714285716,4412.071428571428,0,0,0,1,4119
31,44,10,2013,3,0,0,4119.0,4612.0,3355.0,4669.0,4058.8571428571427,3999.0,4389.428571428572,0,0,0,1,4035
1,44,11,2013,4,0,0,4035.0,4044.0,3383.0,4175.0,4262.714285714285,4148.142857142857,4435.714285714285,0,0,0,1,5471
2,44,11,2013,5,1,0,5471.0,4573.0,3223.0,4088.0,4357.0,4291.714285714285,4476.607142857143,0,0,0,1,5233
4,45,11,2013,0,0,1,5233.0,4347.0,3566.0,4178.0,4573.285714285715,4455.642857142857,4536.714285714285,0,0,0,1,5861
5,45,11,2013,1,0,1,5861.0,3557.0,3667.0,4001.0,4829.142857142857,4575.714285714285,4584.821428571428,0,0,0,1,5348
6,45,11,2013,2,0,1,5348.0,3737.0,5055.0,5447.0,5091.285714285715,4612.642857142857,4589.285714285715,0,0,0,1,5572
7,45,11,2013,3,0,1,5572.0,4119.0,4068.0,5352.0,5218.428571428572,4679.857142857143,4577.035714285715,0,0,0,1,5009
8,45,11,2013,4,0,1,5009.0,4035.0,4612.0,6004.0,5390.857142857143,4724.857142857143,4549.821428571428,0,0,0,1,5242
9,45,11,2013,5,1,0,5242.0,5471.0,4044.0,5452.0,5278.0,4770.357142857143,4522.285714285715,0,0,0,1,4681
11,46,11,2013,0,0,0,4681.0,5233.0,4573.0,4957.0,5103.857142857143,4730.428571428572,4488.607142857143,0,0,0,1,4014
12,46,11,2013,1,0,0,4014.0,5861.0,4347.0,5286.0,4840.428571428572,4706.857142857143,4443.285714285715,0,0,0,1,4017
13,46,11,2013,2,0,0,4017.0,5348.0,3557.0,5896.0,4549.285714285715,4689.214285714285,4350.928571428572,0,0,0,1,3310
14,46,11,2013,3,0,0,3310.0,5572.0,3737.0,4954.0,4295.428571428572,4693.357142857143,4309.535714285715,0,0,0,1,3795
15,46,11,2013,4,0,0,3795.0,5009.0,4119.0,3773.0,4153.571428571428,4686.0,4318.214285714285,0,0,0,1,4016
16,46,11,2013,5,1,0,4016.0,5242.0,4035.0,3355.0,4129.142857142857,4760.0,4379.5,0,0,0,1,5071
18,47,11,2013,0,0,1,5071.0,4681.0,5471.0,3383.0,4307.142857142857,4792.571428571428,4470.357142857143,0,0,0,1,5927
19,47,11,2013,1,0,1,5927.0,4014.0,5233.0,3223.0,4468.428571428572,4786.142857142857,4538.928571428572,0,0,0,1,5143
20,47,11,2013,2,0,1,5143.0,4017.0,5861.0,3566.0,4599.714285714285,4720.071428571428,4587.857142857143,0,0,0,1,4936
21,47,11,2013,3,0,1,4936.0,3310.0,5348.0,3667.0,4787.285714285715,4668.285714285715,4622.0,0,0,0,1,4623
22,47,11,2013,4,0,1,4623.0,3795.0,5572.0,5055.0,4967.714285714285,4631.571428571428,4622.107142857143,0,0,0,1,5058
23,47,11,2013,5,1,0,5058.0,4016.0,5009.0,4068.0,5150.714285714285,4652.142857142857,4666.0,0,0,0,1,5297
25,48,11,2013,0,0,0,5297.0,5071.0,5242.0,4612.0,5083.428571428572,4606.285714285715,4665.571428571428,0,0,0,1,4600
26,48,11,2013,1,0,0,4600.0,5927.0,4681.0,4044.0,4836.857142857143,4572.0,4671.178571428572,0,0,0,1,4201
27,48,11,2013,2,0,0,4201.0,5143.0,4014.0,4573.0,4753.714285714285,4611.071428571428,4670.75,0,0,0,1,4561
28,48,11,2013,3,0,0,4561.0,4936.0,4017.0,4347.0,4707.714285714285,4653.714285714285,4680.285714285715,0,0,0,1,4614
29,48,11,2013,4,0,0,4614.0,4623.0,3310.0,3557.0,4850.571428571428,4818.928571428572,4754.071428571428,0,0,0,1,5623
30,48,11,2013,5,1,0,5623.0,5058.0,3795.0,3737.0,5038.428571428572,5003.071428571428,4848.214285714285,0,0,0,1,6373
2,49,12,2013,0,0,1,6373.0,5297.0,4016.0,4119.0,5273.571428571428,5212.142857142857,4949.071428571428,0,0,0,1,6943
3,49,12,2013,1,0,1,6943.0,4600.0,5071.0,4035.0,5515.428571428572,5299.428571428572,5029.714285714285,0,0,0,1,6293
4,49,12,2013,2,0,1,6293.0,4201.0,5927.0,5471.0,5727.857142857143,5282.357142857143,5037.464285714285,0,0,0,1,5688
5,49,12,2013,3,0,1,5688.0,4561.0,5143.0,5233.0,5889.285714285715,5321.5,5053.821428571428,0,0,0,1,5691
6,49,12,2013,4,0,1,5691.0,4614.0,4936.0,5861.0,6103.285714285715,5405.5,5062.785714285715,0,0,0,1,6112
7,49,12,2013,5,1,0,6112.0,5623.0,4623.0,5348.0,6128.428571428572,5489.5,5078.892857142857,0,0,0,1,5799
9,50,12,2013,0,0,0,5799.0,6373.0,5058.0,5572.0,5855.428571428572,5446.928571428572,5039.25,0,0,0,1,4462
10,50,12,2013,1,0,0,4462.0,6943.0,5297.0,5009.0,5467.571428571428,5370.571428571428,5011.357142857143,0,0,0,1,4228
11,50,12,2013,2,0,0,4228.0,6293.0,4600.0,5242.0,5183.0,5349.214285714285,4977.75,0,0,0,1,4301
12,50,12,2013,3,0,0,4301.0,5688.0,4201.0,4681.0,4952.428571428572,5340.142857142857,4956.071428571428,0,0,0,1,4074
13,50,12,2013,4,0,0,4074.0,5691.0,4561.0,4014.0,4811.285714285715,5350.285714285715,4980.678571428572,0,0,0,1,4703
14,50,12,2013,5,1,0,4703.0,6112.0,4614.0,4017.0,4812.285714285715,5457.785714285715,5055.75,0,0,0,1,6119
16,51,12,2013,0,0,1,6119.0,5799.0,5623.0,3310.0,5166.285714285715,5647.357142857143,5233.142857142857,0,0,0,1,8277
17,51,12,2013,1,0,1,8277.0,4462.0,6373.0,3795.0,5579.714285714285,5717.571428571428,5360.321428571428,0,0,0,1,7356
18,51,12,2013,2,0,1,7356.0,4228.0,6943.0,4016.0,6093.0,5780.285714285715,5496.214285714285,0,0,0,1,7821
19,51,12,2013,3,0,1,7821.0,4301.0,6293.0,5071.0,6448.285714285715,5815.642857142857,5557.535714285715,0,0,0,1,6788
20,51,12,2013,4,0,1,6788.0,4074.0,5688.0,5927.0,7068.285714285715,6010.357142857143,5646.357142857143,0,0,0,1,8414
21,51,12,2013,5,1,0,8414.0,4703.0,5691.0,5143.0,7545.428571428572,6178.357142857143,5749.928571428572,0,0,0,1,8043
23,52,12,2013,0,0,0,8043.0,6119.0,6112.0,4936.0,8032.428571428572,6422.357142857143,5913.928571428572,0,0,0,1,9528
24,52,12,2013,1,0,0,9528.0,8277.0,5799.0,4623.0,7307.714285714285,6237.0,5863.25,0,0,0,1,3204
27,52,12,2013,4,0,0,3204.0,7356.0,4462.0,5058.0,7129.714285714285,6354.714285714285,5900.821428571428,0,0,0,1,6110
28,52,12,2013,5,1,0,6110.0,7821.0,4228.0,5297.0,6820.857142857143,6456.928571428572,5913.75,0,0,0,1,5659
30,1,12,2013,0,0,0,5659.0,6788.0,4301.0,4600.0,6878.714285714285,6663.5,6006.357142857143,0,0,0,1,7193
31,1,12,2013,1,0,0,7193.0,8414.0,4074.0,4201.0,6014.142857142857,6541.214285714285,5940.678571428572,0,0,0,1,2362
2,1,1,2014,3,0,0,2362.0,8043.0,4703.0,4561.0,5575.0,6560.214285714285,5955.25,0,0,0,1,4969
3,1,1,2014,4,0,0,4969.0,9528.0,6119.0,4614.0,4812.428571428572,6422.428571428572,5940.107142857143,0,0,0,1,4190
4,1,1,2014,5,1,0,4190.0,3204.0,8277.0,5623.0,5093.714285714285,6200.714285714285,5924.035714285715,0,0,0,1,5173
6,2,1,2014,0,0,1,5173.0,6110.0,7356.0,6373.0,5105.714285714285,6117.714285714285,5917.642857142857,0,0,0,1,6194
7,2,1,2014,1,0,1,6194.0,5659.0,7821.0,6943.0,5088.571428571428,5954.714285714285,5867.5,0,0,0,1,5539
8,2,1,2014,2,0,1,5539.0,7193.0,6788.0,6293.0,4765.428571428572,5822.071428571428,5818.857142857143,0,0,0,1,4931
9,2,1,2014,3,0,1,4931.0,2362.0,8414.0,5688.0,5056.0,5535.071428571428,5772.714285714285,0,0,0,1,4396
10,2,1,2014,4,0,1,4396.0,4969.0,8043.0,5691.0,4987.0,5281.0,5729.678571428572,0,0,0,1,4486
11,2,1,2014,5,1,0,4486.0,4190.0,9528.0,6112.0,5024.714285714285,4918.571428571428,5670.464285714285,0,0,0,1,4454
13,3,1,2014,0,0,0,4454.0,5173.0,3204.0,5799.0,4856.285714285715,4975.0,5606.0,0,0,0,1,3994
14,3,1,2014,1,0,0,3994.0,6194.0,6110.0,4462.0,4488.714285714285,4797.214285714285,5575.964285714285,0,0,0,1,3621
15,3,1,2014,2,0,0,3621.0,5539.0,5659.0,4228.0,4236.857142857143,4662.714285714285,5559.821428571428,0,0,0,1,3776
16,3,1,2014,3,0,0,3776.0,4931.0,7193.0,4301.0,4051.285714285714,4408.357142857143,5535.928571428572,0,0,0,1,3632
17,3,1,2014,4,0,0,3632.0,4396.0,2362.0,4074.0,3966.5714285714284,4511.285714285715,5526.25,0,0,0,1,3803
18,3,1,2014,5,1,0,3803.0,4486.0,4969.0,4703.0,4058.285714285714,4522.642857142857,5541.428571428572,0,0,0,1,5128
20,4,1,2014,0,0,1,5128.0,4454.0,4190.0,6119.0,4300.285714285715,4662.5,5542.464285714285,0,0,0,1,6148
21,4,1,2014,1,0,1,6148.0,3994.0,5173.0,8277.0,4465.571428571428,4660.928571428572,5430.821428571428,0,0,0,1,5151
22,4,1,2014,2,0,1,5151.0,3621.0,6194.0,7356.0,4600.0,4544.357142857143,5331.035714285715,0,0,0,1,4562
23,4,1,2014,3,0,1,4562.0,3776.0,5539.0,7821.0,4717.285714285715,4477.071428571428,5215.892857142857,0,0,0,1,4597
24,4,1,2014,4,0,1,4597.0,3632.0,4931.0,6788.0,4926.714285714285,4489.0,5155.535714285715,0,0,0,1,5098
25,4,1,2014,5,1,0,5098.0,3803.0,4396.0,8414.0,5032.857142857143,4499.714285714285,5017.392857142857,0,0,0,1,4546
27,5,1,2014,0,0,0,4546.0,5128.0,4486.0,8043.0,4814.714285714285,4436.5,4858.75,0,0,0,1,3601
28,5,1,2014,1,0,0,3601.0,6148.0,4454.0,9528.0,4448.0,4374.142857142857,4646.357142857143,0,0,0,1,3581
29,5,1,2014,2,0,0,3581.0,5151.0,3994.0,3204.0,4253.428571428572,4359.5,4667.25,0,0,0,1,3789
30,5,1,2014,3,0,0,3789.0,4562.0,3621.0,6110.0,4251.571428571428,4425.785714285715,4611.5,0,0,0,1,4549
31,5,1,2014,4,0,0,4549.0,4597.0,3776.0,5659.0,4295.714285714285,4506.5,4584.607142857143,0,0,0,1,4906
1,5,2,2014,5,1,0,4906.0,5098.0,3632.0,7193.0,4323.428571428572,4625.071428571428,4516.714285714285,0,0,0,1,5292
3,6,2,2014,0,0,1,5292.0,4546.0,3803.0,2362.0,4508.142857142857,4770.5,4640.892857142857,0,0,0,1,5839
4,6,2,2014,1,0,1,5839.0,3601.0,5128.0,4969.0,4785.142857142857,4799.928571428572,4661.285714285715,0,0,0,1,5540
5,6,2,2014,2,0,1,5540.0,3581.0,6148.0,4190.0,4992.285714285715,4720.142857142857,4691.321428571428,0,0,0,1,5031
6,6,2,2014,3,0,1,5031.0,3789.0,5151.0,5173.0,5140.0,4696.714285714285,4678.821428571428,0,0,0,1,4823
7,6,2,2014,4,0,1,4823.0,4549.0,4562.0,6194.0,5289.571428571428,4770.571428571428,4657.464285714285,0,0,0,1,5596
8,6,2,2014,5,1,0,5596.0,4906.0,4597.0,5539.0,5263.857142857143,4779.785714285715,4628.428571428572,0,0,0,1,4726
10,7,2,2014,0,0,0,4726.0,5292.0,5098.0,4931.0,5020.857142857143,4672.142857142857,4580.571428571428,0,0,0,1,3591
11,7,2,2014,1,0,0,3591.0,5839.0,4546.0,4396.0,4681.142857142857,4594.642857142857,4547.178571428572,0,0,0,1,3461
12,7,2,2014,2,0,0,3461.0,5540.0,3601.0,4486.0,4412.857142857143,4599.0,4517.75,0,0,0,1,3662
13,7,2,2014,3,0,0,3662.0,5031.0,3581.0,4454.0,4213.857142857143,4603.071428571428,4488.607142857143,0,0,0,1,3638
14,7,2,2014,4,0,0,3638.0,4823.0,3789.0,3994.0,4188.714285714285,4664.357142857143,4511.928571428572,0,0,0,1,4647
15,7,2,2014,5,1,0,4647.0,5596.0,4549.0,3621.0,4140.428571428572,4715.0,4570.392857142857,0,0,0,1,5258
17,8,2,2014,0,0,1,5258.0,4726.0,4906.0,3776.0,4235.714285714285,4749.785714285715,4628.142857142857,0,0,0,1,5393
18,8,2,2014,1,0,1,5393.0,3591.0,5292.0,3632.0,4380.142857142857,4700.5,4662.785714285715,0,0,0,1,4602
19,8,2,2014,2,0,1,4602.0,3461.0,5839.0,3803.0,4590.714285714285,4635.928571428572,4703.214285714285,0,0,0,1,4935
20,8,2,2014,3,0,1,4935.0,3662.0,5540.0,5128.0,4719.428571428572,4566.142857142857,4683.035714285715,0,0,0,1,4563
21,8,2,2014,4,0,1,4563.0,3638.0,5031.0,6148.0,4875.0,4544.428571428572,4632.285714285715,0,0,0,1,4727
22,8,2,2014,5,1,0,4727.0,4647.0,4823.0,5151.0,4899.714285714285,4544.214285714285,4620.464285714285,0,0,0,1,4820
24,9,2,2014,0,0,0,4820.0,5258.0,5596.0,4562.0,4695.142857142857,4417.785714285715,4594.178571428572,0,0,0,1,3826
25,9,2,2014,1,0,0,3826.0,5393.0,4726.0,4597.0,4424.571428571428,4330.142857142857,4554.964285714285,0,0,0,1,3499
26,9,2,2014,2,0,0,3499.0,4602.0,3591.0,5098.0,4354.0,4367.071428571428,4519.607142857143,0,0,0,1,4108
27,9,2,2014,3,0,0,4108.0,4935.0,3461.0,4546.0,4195.571428571428,4393.142857142857,4493.892857142857,0,0,0,1,3826
28,9,2,2014,4,0,0,3826.0,4563.0,3662.0,3601.0,4262.428571428572,4490.928571428572,4544.964285714285,0,0,0,1,5031
1,9,3,2014,5,1,0,5031.0,4727.0,3638.0,3581.0,4345.285714285715,4610.142857142857,4606.607142857143,0,0,0,1,5307
3,10,3,2014,0,0,1,5307.0,4820.0,4647.0,3789.0,4542.142857142857,4720.928571428572,4692.642857142857,0,0,0,1,6198
4,10,3,2014,1,0,1,6198.0,3826.0,5258.0,4549.0,4766.571428571428,4730.857142857143,4722.928571428572,0,0,0,1,5397
5,10,3,2014,2,0,1,5397.0,3499.0,5393.0,4906.0,4969.0,4696.785714285715,4723.285714285715,0,0,0,1,4916
6,10,3,2014,3,0,1,4916.0,4108.0,4602.0,5292.0,5037.142857142857,4695.571428571428,4698.035714285715,0,0,0,1,4585
7,10,3,2014,4,0,1,4585.0,3826.0,4935.0,5839.0,5253.428571428572,4724.5,4680.214285714285,0,0,0,1,5340
8,10,3,2014,5,1,0,5340.0,5031.0,4563.0,5540.0,5163.285714285715,4712.857142857143,4639.5,0,0,0,1,4400
10,11,3,2014,0,0,0,4400.0,5307.0,4727.0,5031.0,4915.571428571428,4630.428571428572,4587.428571428572,0,0,0,1,3573
11,11,3,2014,1,0,0,3573.0,6198.0,4820.0,4823.0,4542.714285714285,4542.428571428572,4543.321428571428,0,0,0,1,3588
12,11,3,2014,2,0,0,3588.0,5397.0,3826.0,5596.0,4315.285714285715,4540.928571428572,4479.357142857143,0,0,0,1,3805
13,11,3,2014,3,0,0,3805.0,4916.0,3499.0,4726.0,4073.5714285714284,4521.285714285715,4425.714285714285,0,0,0,1,3224
14,11,3,2014,4,0,0,3224.0,4585.0,4108.0,3591.0,3973.285714285714,4505.214285714285,4436.142857142857,0,0,0,1,3883
15,11,3,2014,5,1,0,3883.0,5340.0,3826.0,3461.0,3930.714285714286,4592.071428571428,4492.607142857143,0,0,0,1,5042
17,12,3,2014,0,0,1,5042.0,4400.0,5031.0,3662.0,4096.857142857143,4630.071428571428,4560.5,0,0,0,1,5563
18,12,3,2014,1,0,1,5563.0,3573.0,5307.0,3638.0,4329.285714285715,4622.428571428572,4616.285714285715,0,0,0,1,5200
19,12,3,2014,2,0,1,5200.0,3588.0,6198.0,4647.0,4393.285714285715,4468.0,4594.464285714285,0,0,0,1,4036
20,12,3,2014,3,0,1,4036.0,3805.0,5397.0,5258.0,4424.428571428572,4369.857142857143,4550.357142857143,0,0,0,1,4023
21,12,3,2014,4,0,1,4023.0,3224.0,4916.0,5393.0,4608.142857142857,4340.857142857143,4518.821428571428,0,0,0,1,4510
22,12,3,2014,5,1,0,4510.0,3883.0,4585.0,4602.0,4802.142857142857,4387.714285714285,4541.642857142857,0,0,0,1,5241
24,13,3,2014,0,0,0,5241.0,5042.0,5340.0,4935.0,4631.857142857143,4281.285714285715,4502.892857142857,0,0,0,1,3850
25,13,3,2014,1,0,0,3850.0,5563.0,4400.0,4563.0,4285.142857142857,4191.0,4451.928571428572,0,0,0,1,3136
26,13,3,2014,2,0,0,3136.0,5200.0,3573.0,4727.0,4003.0,4166.142857142857,4398.285714285715,0,0,0,1,3225
27,13,3,2014,3,0,0,3225.0,4036.0,3588.0,4820.0,3976.0,4184.642857142857,4363.535714285715,0,0,0,1,3847
28,13,3,2014,4,0,0,3847.0,4023.0,3805.0,3826.0,3970.8571428571427,4197.642857142857,4369.285714285715,0,0,0,1,3987
29,13,3,2014,5,1,0,3987.0,4510.0,3224.0,3499.0,3981.285714285714,4294.714285714285,4408.0,0,0,0,1,4583
31,14,3,2014,0,0,1,4583.0,5241.0,3883.0,4108.0,4090.8571428571427,4446.5,4475.857142857143,0,0,0,1,6008
1,14,4,2014,1,0,1,6008.0,3850.0,5042.0,3826.0,4313.285714285715,4472.571428571428,4532.321428571428,0,0,0,1,5407
2,14,4,2014,2,0,1,5407.0,3136.0,5563.0,5031.0,4555.857142857143,4420.5,4525.285714285715,0,0,0,1,4834
3,14,4,2014,3,0,1,4834.0,3225.0,5200.0,5307.0,4746.0,4374.5,4498.464285714285,0,0,0,1,4556
4,14,4,2014,4,0,1,4556.0,3847.0,4036.0,6198.0,4873.285714285715,4424.642857142857,4446.321428571428,0,0,0,1,4738
5,14,4,2014,5,1,0,4738.0,3987.0,4023.0,5397.0,4960.714285714285,4465.785714285715,4417.821428571428,0,0,0,1,4599
7,15,4,2014,0,0,0,4599.0,4583.0,4510.0,4916.0,4841.857142857143,4411.571428571428,4376.214285714285,0,0,0,1,3751
8,15,4,2014,1,0,0,3751.0,6008.0,5241.0,4585.0,4553.571428571428,4322.214285714285,4354.964285714285,0,0,0,1,3990
9,15,4,2014,2,0,0,3990.0,5407.0,3850.0,5340.0,4341.0,4327.142857142857,4304.214285714285,0,0,0,1,3919
10,15,4,2014,3,0,0,3919.0,4834.0,3136.0,4400.0,4214.428571428572,4385.142857142857,4288.071428571428,0,0,0,1,3948
11,15,4,2014,4,0,0,3948.0,4556.0,3225.0,3573.0,4096.857142857143,4421.428571428572,4293.785714285715,0,0,0,1,3733
12,15,4,2014,5,1,0,3733.0,4738.0,3847.0,3588.0,4053.5714285714284,4463.428571428572,4324.035714285715,0,0,0,1,4435
14,16,4,2014,0,0,1,4435.0,4599.0,3987.0,3805.0,4368.428571428572,4664.571428571428,4431.107142857143,0,0,0,1,6803
15,16,4,2014,1,0,1,6803.0,3751.0,4583.0,3224.0,4717.714285714285,4779.785714285715,4537.25,0,0,0,1,6196
16,16,4,2014,2,0,1,6196.0,3990.0,6008.0,3883.0,5059.285714285715,4806.428571428572,4626.464285714285,0,0,0,1,6381
17,16,4,2014,3,0,1,6381.0,3919.0,5407.0,5042.0,5379.428571428572,4860.214285714285,4666.392857142857,0,0,0,1,6160
19,16,4,2014,5,1,0,6160.0,3948.0,4834.0,5563.0,5654.142857142857,4934.285714285715,4677.392857142857,0,0,0,1,5871
22,17,4,2014,1,0,0,5871.0,3733.0,4556.0,5200.0,5711.285714285715,4904.071428571428,4639.285714285715,0,0,0,1,4133
23,17,4,2014,2,0,0,4133.0,4435.0,4738.0,4036.0,5575.142857142857,4814.357142857143,4619.5,0,0,0,1,3482
24,17,4,2014,3,0,0,3482.0,6803.0,4599.0,4023.0,5085.571428571428,4727.0,4596.392857142857,0,0,0,1,3376
25,17,4,2014,4,0,0,3376.0,6196.0,3751.0,4510.0,4730.428571428572,4724.071428571428,4567.821428571428,0,0,0,1,3710
26,17,4,2014,5,1,0,3710.0,6381.0,3990.0,5241.0,4388.714285714285,4724.0,4523.107142857143,0,0,0,1,3989
28,18,4,2014,0,0,1,3989.0,6160.0,3919.0,3850.0,4292.714285714285,4836.071428571428,4581.607142857143,0,0,0,1,5488
29,18,4,2014,1,0,1,5488.0,5871.0,3948.0,3136.0,4300.142857142857,4977.142857142857,4681.142857142857,0,0,0,1,5923
30,18,4,2014,2,0,1,5923.0,4133.0,3733.0,3225.0,4548.285714285715,5129.785714285715,4775.607142857143,0,0,0,1,5870
2,18,5,2014,4,0,1,5870.0,3482.0,4435.0,3847.0,5020.857142857143,5298.0,4880.714285714285,0,0,0,1,6790
3,18,5,2014,5,1,0,6790.0,3376.0,6803.0,3987.0,5324.0,5204.785714285715,4934.678571428572,0,0,0,1,5498
5,19,5,2014,0,0,1,5498.0,3710.0,6196.0,4583.0,5554.714285714285,5142.571428571428,4961.178571428572,0,0,0,1,5325
6,19,5,2014,1,0,1,5325.0,3989.0,6381.0,6008.0,5707.0,5047.857142857143,4927.142857142857,0,0,0,1,5055
7,19,5,2014,2,0,1,5055.0,5488.0,6160.0,5407.0,5648.0,4970.357142857143,4915.285714285715,0,0,0,1,5075
8,19,5,2014,3,0,1,5075.0,5923.0,5871.0,4834.0,5547.857142857143,4924.0,4929.142857142857,0,0,0,1,5222
9,19,5,2014,4,0,1,5222.0,5870.0,4133.0,4556.0,5457.428571428572,5002.857142857143,4953.464285714285,0,0,0,1,5237
10,19,5,2014,5,1,0,5237.0,6790.0,3482.0,4738.0,5344.0,5182.428571428572,4998.392857142857,0,0,0,1,5996
12,20,5,2014,0,0,0,5996.0,5498.0,3376.0,4599.0,5123.857142857143,5223.928571428572,4975.464285714285,0,0,0,1,3957
13,20,5,2014,1,0,0,3957.0,5325.0,3710.0,3751.0,4868.142857142857,5211.428571428572,4967.75,0,0,0,1,3535
14,20,5,2014,2,0,0,3535.0,5055.0,3989.0,3990.0,4676.0,5191.5,4957.75,0,0,0,1,3710
15,20,5,2014,3,0,0,3710.0,5075.0,5488.0,3919.0,4463.714285714285,5055.857142857143,4945.964285714285,0,0,0,1,3589
16,20,5,2014,4,0,0,3589.0,5222.0,5923.0,3948.0,4269.571428571428,4908.714285714285,4942.928571428572,0,0,0,1,3863
17,20,5,2014,5,1,0,3863.0,5237.0,5870.0,3733.0,4062.1428571428573,4759.785714285715,4944.785714285715,0,0,0,1,3785
19,21,5,2014,0,0,1,3785.0,5996.0,6790.0,4435.0,4010.8571428571427,4677.428571428572,4987.714285714285,0,0,0,1,5637
20,21,5,2014,1,0,1,5637.0,3957.0,5498.0,6803.0,4146.857142857143,4635.357142857143,4920.071428571428,0,0,0,1,4909
21,21,5,2014,2,0,1,4909.0,3535.0,5325.0,6196.0,4255.857142857143,4562.0,4852.285714285715,0,0,0,1,4298
22,21,5,2014,3,0,1,4298.0,3710.0,5055.0,6381.0,4268.857142857143,4472.428571428572,4760.142857142857,0,0,0,1,3801
23,21,5,2014,4,0,1,3801.0,3589.0,5075.0,6160.0,4465.857142857143,4464.785714285715,4717.571428571428,0,0,0,1,4968
24,21,5,2014,5,1,0,4968.0,3863.0,5222.0,5871.0,4567.428571428572,4418.5,4671.25,0,0,0,1,4574
26,22,5,2014,0,0,0,4574.0,3785.0,5237.0,4133.0,4585.571428571428,4323.857142857143,4663.357142857143,0,0,0,1,3912
27,22,5,2014,1,0,0,3912.0,5637.0,5996.0,3482.0,4347.571428571428,4179.214285714285,4680.821428571428,0,0,0,1,3971
28,22,5,2014,2,0,0,3971.0,4909.0,3957.0,3376.0,4305.714285714285,4226.285714285715,4725.107142857143,0,0,0,1,4616
30,22,5,2014,4,0,0,4616.0,4298.0,3535.0,3710.0,4464.142857142857,4360.0,4785.714285714285,0,0,0,1,5407
31,22,5,2014,5,1,0,5407.0,3801.0,3710.0,3989.0,4633.285714285715,4451.071428571428,4821.285714285715,0,0,0,1,4985
2,23,6,2014,0,0,1,4985.0,4968.0,3589.0,5488.0,4790.857142857143,4628.357142857143,4842.107142857143,0,0,0,1,6071
3,23,6,2014,1,0,1,6071.0,4574.0,3863.0,5923.0,4939.428571428572,4753.428571428572,4831.071428571428,0,0,0,1,5614
4,23,6,2014,2,0,1,5614.0,3912.0,3785.0,5870.0,5127.571428571428,4856.571428571428,4808.178571428572,0,0,0,1,5229
5,23,6,2014,3,0,1,5229.0,3971.0,5637.0,6790.0,5314.285714285715,4830.928571428572,4754.178571428572,0,0,0,1,5278
6,23,6,2014,4,0,1,5278.0,4616.0,4909.0,5498.0,5363.0,4834.357142857143,4734.857142857143,0,0,0,1,4957
7,23,6,2014,5,1,0,4957.0,5407.0,4298.0,5325.0,5293.857142857143,4879.0,4720.5,0,0,0,1,4923
10,24,6,2014,1,0,0,4923.0,4985.0,3801.0,5055.0,5239.857142857143,4936.571428571428,4704.5,0,0,0,1,4607
11,24,6,2014,2,0,0,4607.0,6071.0,4968.0,5075.0,4973.571428571428,4882.214285714285,4673.5,0,0,0,1,4207
12,24,6,2014,3,0,0,4207.0,5614.0,4574.0,5222.0,4700.428571428572,4819.928571428572,4619.214285714285,0,0,0,1,3702
13,24,6,2014,4,0,0,3702.0,5229.0,3912.0,5237.0,4510.714285714285,4819.142857142857,4571.5,0,0,0,1,3901
14,24,6,2014,5,1,0,3901.0,5278.0,3971.0,5996.0,4436.285714285715,4875.285714285715,4527.25,0,0,0,1,4757
16,25,6,2014,0,0,1,4757.0,4957.0,4616.0,3957.0,4412.142857142857,4887.571428571428,4556.928571428572,0,0,0,1,4788
17,25,6,2014,1,0,1,4788.0,4923.0,5407.0,3535.0,4533.142857142857,4913.5,4636.75,0,0,0,1,5770
18,25,6,2014,2,0,1,5770.0,4607.0,4985.0,3710.0,4625.857142857143,4932.857142857143,4691.964285714285,0,0,0,1,5256
20,25,6,2014,4,0,1,5256.0,4207.0,6071.0,3589.0,4933.714285714285,4953.642857142857,4791.0,0,0,0,1,6362
21,25,6,2014,5,1,0,6362.0,3702.0,5614.0,3863.0,4973.714285714285,4837.071428571428,4795.25,0,0,0,1,3982
23,26,6,2014,0,0,0,3982.0,3901.0,5229.0,3785.0,4952.857142857143,4731.785714285715,4794.178571428572,0,0,0,1,3755
24,26,6,2014,1,0,0,3755.0,4757.0,5278.0,5637.0,4752.0,4594.142857142857,4712.535714285715,0,0,0,1,3351
25,26,6,2014,2,0,0,3351.0,4788.0,4957.0,4909.0,4600.428571428572,4506.285714285715,4670.321428571428,0,0,0,1,3727
26,26,6,2014,3,0,0,3727.0,5770.0,4923.0,4298.0,4168.857142857143,4351.0,4615.0,0,0,0,1,2749
27,26,6,2014,4,0,0,2749.0,5256.0,4607.0,3801.0,3992.1428571428573,4309.0,4622.785714285715,0,0,0,1,4019
28,26,6,2014,5,1,0,4019.0,6362.0,4207.0,4968.0,3820.714285714286,4377.214285714285,4629.714285714285,0,0,0,1,5162
30,27,6,2014,0,0,1,5162.0,3982.0,3702.0,4574.0,4071.5714285714284,4522.642857142857,4671.285714285715,0,0,0,1,5738
1,27,7,2014,1,0,1,5738.0,3755.0,3901.0,3912.0,4269.142857142857,4611.0,4715.071428571428,0,0,0,1,5138
2,27,7,2014,2,0,1,5138.0,3351.0,4757.0,3971.0,4527.714285714285,4639.857142857143,4757.571428571428,0,0,0,1,5161
3,27,7,2014,3,0,1,5161.0,3727.0,4788.0,4616.0,4674.714285714285,4637.571428571428,4762.571428571428,0,0,0,1,4756
4,27,7,2014,4,0,1,4756.0,2749.0,5770.0,5407.0,4857.0,4512.928571428572,4713.214285714285,0,0,0,1,4025
5,27,7,2014,5,1,0,4025.0,4019.0,5256.0,4985.0,5022.285714285715,4507.214285714285,4720.035714285715,0,0,0,1,5176
7,28,7,2014,0,0,0,5176.0,5162.0,6362.0,6071.0,4888.142857142857,4354.428571428572,4654.035714285715,0,0,0,1,4223
8,28,7,2014,1,0,0,4223.0,5738.0,3982.0,5614.0,4651.428571428572,4361.5,4599.285714285715,0,0,0,1,4081
9,28,7,2014,2,0,0,4081.0,5138.0,3755.0,5229.0,4424.142857142857,4346.642857142857,4539.214285714285,0,0,0,1,3547
10,28,7,2014,3,0,0,3547.0,5161.0,3351.0,5278.0,4221.285714285715,4374.5,4484.321428571428,0,0,0,1,3741
11,28,7,2014,4,0,0,3741.0,4756.0,3727.0,4957.0,4116.142857142857,4395.428571428572,4450.857142857143,0,0,0,1,4020
12,28,7,2014,5,1,0,4020.0,4025.0,2749.0,4923.0,4171.0,4514.0,4432.5,0,0,0,1,4409
14,29,7,2014,0,0,1,4409.0,5176.0,4019.0,4607.0,4157.714285714285,4590.0,4449.5,0,0,0,1,5083
15,29,7,2014,1,0,1,5083.0,4223.0,5162.0,4207.0,4311.285714285715,4599.714285714285,4488.464285714285,0,0,0,1,5298
16,29,7,2014,2,0,1,5298.0,4081.0,5738.0,3702.0,4503.142857142857,4577.285714285715,4549.964285714285,0,0,0,1,5424
17,29,7,2014,3,0,1,5424.0,3547.0,5138.0,3901.0,4665.714285714285,4544.928571428572,4577.964285714285,0,0,0,1,4685
18,29,7,2014,4,0,1,4685.0,3741.0,5161.0,4757.0,4789.714285714285,4505.5,4572.678571428572,0,0,0,1,4609
19,29,7,2014,5,1,0,4609.0,4020.0,4756.0,4788.0,4798.857142857143,4457.5,4547.535714285715,0,0,0,1,4084
21,30,7,2014,0,0,0,4084.0,4409.0,4025.0,5770.0,4812.857142857143,4491.928571428572,4502.428571428572,0,0,0,1,4507
22,30,7,2014,1,0,0,4507.0,5083.0,5176.0,5256.0,4648.571428571428,4403.142857142857,4455.178571428572,0,0,0,1,3933
23,30,7,2014,2,0,0,3933.0,5298.0,4223.0,6362.0,4435.428571428572,4373.357142857143,4363.892857142857,0,0,0,1,3806
24,30,7,2014,3,0,0,3806.0,5424.0,4081.0,3982.0,4168.714285714285,4335.928571428572,4348.714285714285,0,0,0,1,3557
25,30,7,2014,4,0,0,3557.0,4685.0,3547.0,3755.0,4050.5714285714284,4358.142857142857,4352.392857142857,0,0,0,1,3858
26,30,7,2014,5,1,0,3858.0,4609.0,3741.0,3351.0,4001.5714285714284,4395.642857142857,4385.071428571428,0,0,0,1,4266
28,31,7,2014,0,0,1,4266.0,4084.0,4020.0,3727.0,4185.571428571428,4492.214285714285,4443.821428571428,0,0,0,1,5372
29,31,7,2014,1,0,1,5372.0,4507.0,4409.0,2749.0,4292.0,4552.428571428572,4533.214285714285,0,0,0,1,5252
30,31,7,2014,2,0,1,5252.0,3933.0,5083.0,4019.0,4514.0,4581.285714285715,4585.642857142857,0,0,0,1,5487
31,31,7,2014,3,0,1,5487.0,3806.0,5298.0,5162.0,4699.714285714285,4567.571428571428,4583.642857142857,0,0,0,1,5106
1,31,8,2014,4,0,1,5106.0,3557.0,5424.0,5738.0,4911.285714285715,4540.0,4558.642857142857,0,0,0,1,5038
2,31,8,2014,5,1,0,5038.0,3858.0,4685.0,5138.0,5036.0,4543.285714285715,4544.107142857143,0,0,0,1,4731
4,32,8,2014,0,0,1,4731.0,4266.0,4609.0,5161.0,5234.428571428572,4618.0,4561.75,0,0,0,1,5655
5,32,8,2014,1,0,1,5655.0,5372.0,4084.0,4756.0,5243.142857142857,4714.357142857143,4585.928571428572,0,0,0,1,5433
6,32,8,2014,2,0,1,5433.0,5252.0,4507.0,4025.0,5255.285714285715,4773.642857142857,4632.785714285715,0,0,0,1,5337
7,32,8,2014,3,0,1,5337.0,5487.0,3933.0,5176.0,5064.857142857143,4789.428571428572,4596.285714285715,0,0,0,1,4154
8,32,8,2014,4,0,1,4154.0,5106.0,3806.0,4223.0,4971.285714285715,4835.5,4604.428571428572,0,0,0,1,4451
9,32,8,2014,5,1,0,4451.0,5038.0,3557.0,4081.0,4847.857142857143,4879.571428571428,4607.75,0,0,0,1,4174
11,33,8,2014,0,0,0,4174.0,4731.0,3858.0,3547.0,4727.142857142857,4881.571428571428,4619.857142857143,0,0,0,1,3886
12,33,8,2014,1,0,0,3886.0,5655.0,4266.0,3741.0,4374.285714285715,4804.357142857143,4600.0,0,0,0,1,3185
13,33,8,2014,2,0,0,3185.0,5433.0,5372.0,4020.0,4179.428571428572,4711.285714285715,4601.75,0,0,0,1,4069
14,33,8,2014,3,0,0,4069.0,5337.0,5252.0,4409.0,3975.0,4615.142857142857,4583.785714285715,0,0,0,1,3906
15,33,8,2014,4,0,0,3906.0,4154.0,5487.0,5083.0,3916.714285714286,4490.785714285715,4536.035714285715,0,0,0,1,3746
16,33,8,2014,5,1,0,3746.0,4451.0,5106.0,5298.0,3913.0,4442.142857142857,4504.857142857143,0,0,0,1,4425
18,34,8,2014,0,0,1,4425.0,4174.0,5038.0,5424.0,4120.0,4483.928571428572,4511.964285714285,0,0,0,1,5623
19,34,8,2014,1,0,1,5623.0,3886.0,4731.0,4685.0,4306.285714285715,4516.714285714285,4530.0,0,0,0,1,5190
20,34,8,2014,2,0,1,5190.0,3185.0,5655.0,4609.0,4462.714285714285,4418.5,4518.25,0,0,0,1,4280
21,34,8,2014,3,0,1,4280.0,4069.0,5433.0,4084.0,4499.571428571428,4339.5,4526.928571428572,0,0,0,1,4327
22,34,8,2014,4,0,1,4327.0,3906.0,5337.0,4507.0,4508.857142857143,4241.928571428572,4507.785714285715,0,0,0,1,3971
23,34,8,2014,5,1,0,3971.0,3746.0,4154.0,3933.0,4485.428571428572,4201.071428571428,4495.25,0,0,0,1,3582
25,35,8,2014,0,0,0,3582.0,4425.0,4451.0,3806.0,4341.0,4127.0,4481.25,0,0,0,1,3414
26,35,8,2014,1,0,0,3414.0,5623.0,4174.0,3557.0,4022.8571428571427,4071.4285714285716,4475.5,0,0,0,1,3396
27,35,8,2014,2,0,0,3396.0,5190.0,3886.0,3858.0,3731.1428571428573,4018.714285714286,4450.142857142857,0,0,0,1,3148
28,35,8,2014,3,0,0,3148.0,4280.0,3185.0,4266.0,3679.714285714286,4071.214285714286,4437.785714285715,0,0,0,1,3920
29,35,8,2014,4,0,0,3920.0,4327.0,4069.0,5372.0,3614.285714285714,4056.9285714285716,4384.107142857143,0,0,0,1,3869
30,35,8,2014,5,1,0,3869.0,3971.0,3906.0,5252.0,3631.8571428571427,4070.3571428571427,4342.75,0,0,0,1,4094
1,36,9,2014,0,0,1,4094.0,3582.0,3746.0,5487.0,3900.714285714286,4193.071428571428,4341.928571428572,0,0,0,1,5464
2,36,9,2014,1,0,1,5464.0,3414.0,4425.0,5106.0,4128.428571428572,4234.714285714285,4338.428571428572,0,0,0,1,5008
3,36,9,2014,2,0,1,5008.0,3396.0,5623.0,5038.0,4354.428571428572,4188.642857142857,4336.285714285715,0,0,0,1,4978
4,36,9,2014,3,0,1,4978.0,3148.0,5190.0,4731.0,4525.571428571428,4128.357142857143,4322.535714285715,0,0,0,1,4346
5,36,9,2014,4,0,1,4346.0,3920.0,4280.0,5655.0,4637.857142857143,4158.785714285715,4288.642857142857,0,0,0,1,4706
6,36,9,2014,5,1,0,4706.0,3869.0,4327.0,5433.0,4650.714285714285,4132.5,4236.0,0,0,0,1,3959
8,37,9,2014,0,0,0,3959.0,4094.0,3971.0,5337.0,4591.0,4111.428571428572,4176.678571428572,0,0,0,1,3676
9,37,9,2014,1,0,0,3676.0,5464.0,3582.0,4154.0,4292.857142857143,4096.785714285715,4148.928571428572,0,0,0,1,3377
10,37,9,2014,2,0,0,3377.0,5008.0,3414.0,4451.0,4045.285714285714,4086.8571428571427,4106.928571428572,0,0,0,1,3275
11,37,9,2014,3,0,0,3275.0,4978.0,3396.0,4174.0,3818.714285714286,4086.5714285714284,4079.0,0,0,0,1,3392
12,37,9,2014,4,0,0,3392.0,4346.0,3148.0,3886.0,3755.8571428571427,4140.714285714285,4079.714285714286,0,0,0,1,3906
13,37,9,2014,5,1,0,3906.0,4706.0,3920.0,3185.0,3693.5714285714284,4165.714285714285,4118.464285714285,0,0,0,1,4270
15,38,9,2014,0,0,1,4270.0,3959.0,3869.0,4069.0,3786.714285714286,4218.714285714285,4137.821428571428,0,0,0,1,4611
16,38,9,2014,1,0,1,4611.0,3676.0,4094.0,3906.0,3887.4285714285716,4239.214285714285,4154.785714285715,0,0,0,1,4381
17,38,9,2014,2,0,1,4381.0,3377.0,5464.0,3746.0,4031.1428571428573,4162.0,4177.535714285715,0,0,0,1,4383
18,38,9,2014,3,0,1,4383.0,3275.0,5008.0,4425.0,4097.571428571428,4071.4285714285716,4153.071428571428,0,0,0,1,3740
19,38,9,2014,4,0,1,3740.0,3392.0,4978.0,5623.0,4202.714285714285,4010.714285714286,4099.678571428572,0,0,0,1,4128
20,38,9,2014,5,1,0,4128.0,3906.0,4346.0,5190.0,4203.428571428572,3979.6428571428573,4054.0,0,0,0,1,3911
22,39,9,2014,0,0,0,3911.0,4270.0,4706.0,4280.0,4162.285714285715,3927.9285714285716,4043.3571428571427,0,0,0,1,3982
23,39,9,2014,1,0,0,3982.0,4611.0,3959.0,4327.0,3990.285714285714,3888.5,4010.5,0,0,0,1,3407
24,39,9,2014,2,0,0,3407.0,4381.0,3676.0,3971.0,3850.8571428571427,3869.1428571428573,3990.285714285714,0,0,0,1,3405
25,39,9,2014,3,0,0,3405.0,4383.0,3377.0,3582.0,3576.4285714285716,3803.785714285714,3950.285714285714,0,0,0,1,2462
26,39,9,2014,4,0,0,2462.0,3740.0,3275.0,3414.0,3544.714285714286,3821.1428571428573,3954.0,0,0,0,1,3518
27,39,9,2014,5,1,0,3518.0,4128.0,3392.0,3396.0,3514.1428571428573,3858.4285714285716,3972.5,0,0,0,1,3914
29,40,9,2014,0,0,1,3914.0,3911.0,3906.0,3148.0,3709.714285714286,3956.5714285714284,4048.6428571428573,0,0,0,1,5280
30,40,9,2014,1,0,1,5280.0,3982.0,4270.0,3920.0,3843.5714285714284,4002.9285714285716,4084.3214285714284,0,0,0,1,4919
1,40,10,2014,2,0,1,4919.0,3407.0,4611.0,3869.0,4030.0,4010.1428571428573,4114.428571428572,0,0,0,1,4712
2,40,10,2014,3,0,1,4712.0,3405.0,4381.0,4094.0,4315.0,4082.9285714285716,4161.071428571428,0,0,0,1,5400
4,40,10,2014,5,1,0,5400.0,2462.0,4383.0,5464.0,4728.285714285715,4152.357142857143,4157.178571428572,0,0,0,1,5355
6,41,10,2014,0,0,1,5355.0,3518.0,3740.0,5008.0,4997.428571428572,4271.071428571428,4171.25,0,0,0,1,5402
7,41,10,2014,1,0,1,5402.0,3914.0,4128.0,4978.0,5215.285714285715,4364.714285714285,4187.714285714285,0,0,0,1,5439
8,41,10,2014,2,0,1,5439.0,5280.0,3911.0,4346.0,5167.285714285715,4438.5,4209.071428571428,0,0,0,1,4944
9,41,10,2014,3,0,1,4944.0,4919.0,3982.0,4706.0,5129.428571428572,4486.5,4207.214285714285,0,0,0,1,4654
10,41,10,2014,4,0,1,4654.0,4712.0,3407.0,3959.0,5084.285714285715,4557.142857142857,4222.821428571428,0,0,0,1,4396
11,41,10,2014,5,1,0,4396.0,5400.0,3405.0,3676.0,4990.428571428572,4652.714285714285,4260.928571428572,0,0,0,1,4743
13,42,10,2014,0,0,0,4743.0,5355.0,2462.0,3377.0,4801.571428571428,4764.928571428572,4284.357142857143,0,0,0,1,4033
14,42,10,2014,1,0,0,4033.0,5402.0,3518.0,3275.0,4555.714285714285,4776.571428571428,4298.857142857143,0,0,0,1,3681
15,42,10,2014,2,0,0,3681.0,5439.0,3914.0,3392.0,4318.0,4766.642857142857,4312.535714285715,0,0,0,1,3775
16,42,10,2014,3,0,0,3775.0,4944.0,5280.0,3906.0,4101.714285714285,4634.5,4295.535714285715,0,0,0,1,3430
17,42,10,2014,4,0,0,3430.0,4654.0,4919.0,4270.0,3968.285714285714,4548.857142857143,4275.892857142857,0,0,0,1,3720
18,42,10,2014,5,1,0,3720.0,4396.0,4712.0,4611.0,3935.8571428571427,4510.071428571428,4260.107142857143,0,0,0,1,4169
20,43,10,2014,0,0,1,4169.0,4743.0,5400.0,4381.0,3922.8571428571427,4456.642857142857,4269.785714285715,0,0,0,1,4652
21,43,10,2014,1,0,1,4652.0,4033.0,5355.0,4383.0,4015.0,4408.285714285715,4280.321428571428,0,0,0,1,4678
22,43,10,2014,2,0,1,4678.0,3681.0,5402.0,3740.0,4184.571428571428,4370.142857142857,4320.607142857143,0,0,0,1,4868
23,43,10,2014,3,0,1,4868.0,3775.0,5439.0,4128.0,4283.285714285715,4300.642857142857,4332.678571428572,0,0,0,1,4466
24,43,10,2014,4,0,1,4466.0,3430.0,4944.0,3911.0,4392.714285714285,4247.214285714285,4342.857142857143,0,0,0,1,4196
25,43,10,2014,5,1,0,4196.0,3720.0,4654.0,3982.0,4517.857142857143,4243.071428571428,4364.785714285715,0,0,0,1,4596
27,44,10,2014,0,0,0,4596.0,4169.0,4396.0,3407.0,4530.857142857143,4233.357142857143,4395.25,0,0,0,1,4260
28,44,10,2014,1,0,0,4260.0,4652.0,4743.0,3405.0,4346.857142857143,4134.857142857143,4393.785714285715,0,0,0,1,3364
29,44,10,2014,2,0,0,3364.0,4678.0,4033.0,2462.0,4215.857142857143,4115.428571428572,4440.178571428572,0,0,0,1,3761
30,44,10,2014,3,0,0,3761.0,4868.0,3681.0,3518.0,4097.857142857143,4141.214285714285,4458.892857142857,0,0,0,1,4042
31,44,10,2014,4,0,0,4042.0,4466.0,3775.0,3914.0,4054.285714285714,4168.785714285715,4467.714285714285,0,0,0,1,4161
1,44,11,2014,5,1,0,4161.0,4196.0,3430.0,5280.0,4388.0,4390.357142857143,4512.428571428572,0,0,0,1,6532
3,45,11,2014,0,0,1,6532.0,4596.0,3720.0,4919.0,4568.142857142857,4543.0,4545.928571428572,0,0,0,1,5857
4,45,11,2014,1,0,1,5857.0,4260.0,4169.0,4712.0,4710.0,4620.428571428572,4565.25,0,0,0,1,5253
5,45,11,2014,2,0,1,5253.0,3364.0,4652.0,5400.0,4920.571428571428,4633.714285714285,4545.178571428572,0,0,0,1,4838
6,45,11,2014,3,0,1,4838.0,3761.0,4678.0,5355.0,5066.857142857143,4641.357142857143,4524.821428571428,0,0,0,1,4785
7,45,11,2014,4,0,1,4785.0,4042.0,4868.0,5402.0,5235.142857142857,4666.5,4518.321428571428,0,0,0,1,5220
8,45,11,2014,5,1,0,5220.0,4161.0,4466.0,5439.0,5315.0,4684.642857142857,4492.642857142857,0,0,0,1,4720
10,46,11,2014,0,0,1,4720.0,6532.0,4196.0,4944.0,5163.857142857143,4775.928571428572,4511.571428571428,0,0,0,1,5474
11,46,11,2014,1,0,1,5474.0,5857.0,4596.0,4654.0,4967.0,4767.571428571428,4505.321428571428,0,0,0,1,4479
12,46,11,2014,2,0,1,4479.0,5253.0,4260.0,4396.0,4884.714285714285,4797.357142857143,4515.357142857143,0,0,0,1,4677
13,46,11,2014,3,0,1,4677.0,4838.0,3364.0,4743.0,4746.285714285715,4833.428571428572,4484.142857142857,0,0,0,1,3869
14,46,11,2014,4,0,1,3869.0,4785.0,3761.0,4033.0,4824.714285714285,4945.785714285715,4530.607142857143,0,0,0,1,5334
15,46,11,2014,5,1,0,5334.0,5220.0,4042.0,3681.0,4788.571428571428,5011.857142857143,4576.535714285715,0,0,0,1,4967
17,47,11,2014,0,0,0,4967.0,4720.0,4161.0,3775.0,4626.0,4970.5,4569.642857142857,0,0,0,1,3582
18,47,11,2014,1,0,0,3582.0,5474.0,6532.0,3430.0,4399.714285714285,4781.785714285715,4586.071428571428,0,0,0,1,3890
19,47,11,2014,2,0,0,3890.0,4479.0,5857.0,3720.0,4316.142857142857,4641.571428571428,4592.285714285715,0,0,0,1,3894
20,47,11,2014,3,0,0,3894.0,4677.0,5253.0,4169.0,4357.0,4620.857142857143,4620.642857142857,0,0,0,1,4963
21,47,11,2014,4,0,0,4963.0,3869.0,4838.0,4652.0,4460.571428571428,4603.428571428572,4618.571428571428,0,0,0,1,4594
22,47,11,2014,5,1,0,4594.0,5334.0,4785.0,4678.0,4534.142857142857,4679.428571428572,4660.392857142857,0,0,0,1,5849
24,48,11,2014,0,0,1,5849.0,4967.0,5220.0,4868.0,4757.0,4772.785714285715,4719.642857142857,0,0,0,1,6527
25,48,11,2014,1,0,1,6527.0,3582.0,4720.0,4466.0,5076.0,4851.0,4767.821428571428,0,0,0,1,5815
26,48,11,2014,2,0,1,5815.0,3890.0,5474.0,4196.0,5281.428571428572,4840.571428571428,4808.25,0,0,0,1,5328
27,48,11,2014,3,0,1,5328.0,3894.0,4479.0,4596.0,5602.857142857143,4959.5,4863.535714285715,0,0,0,1,6144
28,48,11,2014,4,0,1,6144.0,4963.0,4677.0,4260.0,5921.714285714285,5139.357142857143,4968.357142857143,0,0,0,1,7195
29,48,11,2014,5,1,0,7195.0,4594.0,3869.0,3364.0,6274.857142857143,5367.714285714285,5100.571428571428,0,0,0,1,7066
1,49,12,2014,0,0,1,7066.0,5849.0,5334.0,3761.0,6493.571428571428,5513.857142857143,5229.821428571428,0,0,0,1,7380
2,49,12,2014,1,0,1,7380.0,6527.0,4967.0,4042.0,6485.0,5621.0,5316.428571428572,0,0,0,1,6467
3,49,12,2014,2,0,1,6467.0,5815.0,3582.0,4161.0,6576.285714285715,5826.142857142857,5398.321428571428,0,0,0,1,6454
4,49,12,2014,3,0,1,6454.0,5328.0,3890.0,6532.0,6817.428571428572,6049.428571428572,5415.607142857143,0,0,0,1,7016
5,49,12,2014,4,0,1,7016.0,6144.0,3894.0,5857.0,6826.428571428572,6214.642857142857,5428.107142857143,0,0,0,1,6207
6,49,12,2014,5,1,0,6207.0,7195.0,4963.0,5253.0,6682.142857142857,6301.928571428572,5461.392857142857,0,0,0,1,6185
8,50,12,2014,0,0,0,6185.0,7066.0,4594.0,4838.0,6370.428571428572,6322.642857142857,5463.035714285715,0,0,0,1,4884
9,50,12,2014,1,0,0,4884.0,7380.0,5849.0,4785.0,5936.857142857143,6215.214285714285,5447.321428571428,0,0,0,1,4345
10,50,12,2014,2,0,0,4345.0,6467.0,6527.0,5220.0,5715.142857142857,6100.071428571428,5436.428571428572,0,0,0,1,4915
11,50,12,2014,3,0,0,4915.0,6454.0,5815.0,4720.0,5516.0,6046.142857142857,5448.571428571428,0,0,0,1,5060
12,50,12,2014,4,0,0,5060.0,7016.0,5328.0,5474.0,5266.428571428572,6041.928571428572,5441.25,0,0,0,1,5269
13,50,12,2014,5,1,0,5269.0,6207.0,6144.0,4479.0,5417.285714285715,6121.857142857143,5540.678571428572,0,0,0,1,7263
15,51,12,2014,0,0,1,7263.0,6185.0,7195.0,4677.0,5686.428571428572,6184.285714285715,5661.821428571428,0,0,0,1,8069
16,51,12,2014,1,0,1,8069.0,4884.0,7066.0,3869.0,6094.285714285715,6232.357142857143,5800.035714285715,0,0,0,1,7739
17,51,12,2014,2,0,1,7739.0,4345.0,7380.0,5334.0,6548.285714285715,6242.571428571428,5878.214285714285,0,0,0,1,7523
18,51,12,2014,3,0,1,7523.0,4915.0,6467.0,4967.0,6958.285714285715,6336.714285714285,5978.857142857143,0,0,0,1,7785
19,51,12,2014,4,0,1,7785.0,5060.0,6454.0,3582.0,7315.142857142857,6415.571428571428,6120.857142857143,0,0,0,1,7558
20,51,12,2014,5,1,0,7558.0,5269.0,7016.0,3890.0,7757.714285714285,6512.071428571428,6280.75,0,0,0,1,8367
22,52,12,2014,0,0,0,8367.0,7263.0,6207.0,3894.0,8053.142857142857,6735.214285714285,6474.928571428572,0,0,0,1,9331
23,52,12,2014,1,0,0,9331.0,8069.0,6185.0,4963.0,8037.428571428572,6861.928571428572,6581.928571428572,0,0,0,1,7959
24,52,12,2014,2,0,0,7959.0,7739.0,4884.0,4594.0,7454.571428571428,6774.428571428572,6548.535714285715,0,0,0,1,3659
27,52,12,2014,5,1,0,3659.0,7523.0,4345.0,5849.0,7245.142857142857,6896.714285714285,6555.964285714285,0,0,0,1,6057
29,1,12,2014,0,0,0,6057.0,7785.0,4915.0,6527.0,7056.285714285715,7007.285714285715,6553.678571428572,0,0,0,1,6463
30,1,12,2014,1,0,0,6463.0,7558.0,5060.0,5815.0,6900.285714285715,7107.714285714285,6576.928571428572,0,0,0,1,6466
31,1,12,2014,2,0,0,6466.0,8367.0,5269.0,5328.0,6077.142857142857,6917.428571428572,6479.678571428572,0,0,0,1,2605
2,1,1,2015,4,0,0,2605.0,9331.0,7263.0,6144.0,5531.142857142857,6792.142857142857,6457.0,0,0,0,1,5509
3,1,1,2015,5,1,0,5509.0,7959.0,8069.0,7195.0,5111.714285714285,6574.571428571428,6379.428571428572,0,0,0,1,5023
5,2,1,2015,0,0,1,5023.0,3659.0,7739.0,7066.0,5480.285714285715,6467.428571428572,6349.892857142857,0,0,0,1,6239
6,2,1,2015,1,0,1,6239.0,6057.0,7523.0,7380.0,5268.428571428572,6256.785714285715,6249.678571428572,0,0,0,1,4574
7,2,1,2015,2,0,1,4574.0,6463.0,7785.0,6467.0,5030.285714285715,6043.285714285715,6190.0,0,0,0,1,4796
8,2,1,2015,3,0,1,4796.0,6466.0,7558.0,6454.0,4637.428571428572,5768.857142857143,6092.214285714285,0,0,0,1,3716
9,2,1,2015,4,0,1,3716.0,2605.0,8367.0,7016.0,4836.428571428572,5456.785714285715,5984.428571428572,0,0,0,1,3998
10,2,1,2015,5,1,0,3998.0,5509.0,9331.0,6207.0,4706.428571428572,5118.785714285715,5927.0,0,0,0,1,4599
12,3,1,2015,0,0,1,4599.0,5023.0,7959.0,6185.0,4752.571428571428,4932.142857142857,5897.035714285715,0,0,0,1,5346
13,3,1,2015,1,0,1,5346.0,6239.0,3659.0,4884.0,4564.714285714285,5022.5,5898.464285714285,0,0,0,1,4924
14,3,1,2015,2,0,1,4924.0,4574.0,6057.0,4345.0,4560.0,4914.214285714285,5905.464285714285,0,0,0,1,4541
15,3,1,2015,3,0,1,4541.0,4796.0,6463.0,4915.0,4488.428571428572,4759.357142857143,5883.321428571428,0,0,0,1,4295
16,3,1,2015,4,0,1,4295.0,3716.0,6466.0,5060.0,4552.0,4594.714285714285,5851.214285714285,0,0,0,1,4161
17,3,1,2015,5,1,0,4161.0,3998.0,2605.0,5269.0,4731.571428571428,4784.0,5850.714285714285,0,0,0,1,5255
19,4,1,2015,0,0,0,5255.0,4599.0,5509.0,7263.0,4606.142857142857,4656.285714285715,5724.214285714285,0,0,0,1,3721
20,4,1,2015,1,0,0,3721.0,5346.0,5023.0,8069.0,4368.142857142857,4560.357142857143,5567.464285714285,0,0,0,1,3680
21,4,1,2015,2,0,0,3680.0,4924.0,6239.0,7739.0,4136.0,4350.357142857143,5408.892857142857,0,0,0,1,3299
22,4,1,2015,3,0,0,3299.0,4541.0,4574.0,7523.0,3986.1428571428573,4273.071428571428,5264.928571428572,0,0,0,1,3492
23,4,1,2015,4,0,0,3492.0,4295.0,4796.0,7785.0,3884.8571428571427,4186.642857142857,5114.964285714285,0,0,0,1,3586
24,4,1,2015,5,1,0,3586.0,4161.0,3716.0,7558.0,3981.8571428571427,4266.928571428572,5017.892857142857,0,0,0,1,4840
26,5,1,2015,0,0,1,4840.0,5255.0,3998.0,8367.0,3914.1428571428573,4322.857142857143,4889.821428571428,0,0,0,1,4781
27,5,1,2015,1,0,1,4781.0,3721.0,4599.0,9331.0,4069.1428571428573,4337.642857142857,4728.214285714285,0,0,0,1,4806
28,5,1,2015,2,0,1,4806.0,3680.0,5346.0,7959.0,4159.142857142857,4263.642857142857,4597.892857142857,0,0,0,1,4310
29,5,1,2015,3,0,1,4310.0,3299.0,4924.0,3659.0,4426.571428571428,4281.285714285715,4651.892857142857,0,0,0,1,5171
30,5,1,2015,4,0,1,5171.0,3492.0,4541.0,6057.0,4724.428571428572,4355.285714285715,4634.75,0,0,0,1,5577
31,5,1,2015,5,1,0,5577.0,3586.0,4295.0,6463.0,4978.285714285715,4431.571428571428,4595.464285714285,0,0,0,1,5363
2,6,2,2015,0,0,1,5363.0,4840.0,4161.0,6466.0,5149.428571428572,4565.642857142857,4580.178571428572,0,0,0,1,6038
3,6,2,2015,1,0,1,6038.0,4781.0,5255.0,2605.0,5166.571428571428,4540.357142857143,4662.178571428572,0,0,0,1,4901
4,6,2,2015,2,0,1,4901.0,4806.0,3721.0,5509.0,5147.428571428572,4608.285714285715,4632.285714285715,0,0,0,1,4672
5,6,2,2015,3,0,1,4672.0,4310.0,3680.0,5023.0,5159.428571428572,4659.285714285715,4609.821428571428,0,0,0,1,4394
6,6,2,2015,4,0,1,4394.0,5171.0,3299.0,6239.0,5138.142857142857,4782.357142857143,4566.357142857143,0,0,0,1,5022
7,6,2,2015,5,1,0,5022.0,5577.0,3492.0,4574.0,5007.571428571428,4866.0,4569.535714285715,0,0,0,1,4663
9,7,2,2015,0,0,0,4663.0,5363.0,3586.0,4796.0,4807.857142857143,4893.071428571428,4539.857142857143,0,0,0,1,3965
10,7,2,2015,1,0,0,3965.0,6038.0,4840.0,3716.0,4393.285714285715,4771.357142857143,4519.142857142857,0,0,0,1,3136
11,7,2,2015,2,0,0,3136.0,4901.0,4781.0,3998.0,4226.714285714285,4696.642857142857,4509.75,0,0,0,1,3735
12,7,2,2015,3,0,0,3735.0,4672.0,4806.0,4599.0,4116.428571428572,4631.928571428572,4484.785714285715,0,0,0,1,3900
13,7,2,2015,4,0,0,3900.0,4394.0,4310.0,5346.0,4163.857142857143,4661.642857142857,4462.642857142857,0,0,0,1,4726
14,7,2,2015,5,1,0,4726.0,5022.0,5171.0,4924.0,4162.857142857143,4650.5,4465.892857142857,0,0,0,1,5015
16,8,2,2015,0,0,1,5015.0,4663.0,5577.0,4541.0,4111.428571428572,4559.5,4457.392857142857,0,0,0,1,4303
17,8,2,2015,1,0,1,4303.0,3965.0,5363.0,4295.0,4235.428571428572,4521.642857142857,4476.607142857143,0,0,0,1,4833
18,8,2,2015,2,0,1,4833.0,3136.0,6038.0,4161.0,4384.571428571428,4388.928571428572,4477.285714285715,0,0,0,1,4180
19,8,2,2015,3,0,1,4180.0,3735.0,4901.0,5255.0,4488.142857142857,4357.428571428572,4448.892857142857,0,0,0,1,4460
20,8,2,2015,4,0,1,4460.0,3900.0,4672.0,3721.0,4595.428571428572,4355.928571428572,4482.107142857143,0,0,0,1,4651
21,8,2,2015,5,1,0,4651.0,4726.0,4394.0,3680.0,4559.571428571428,4361.714285714285,4510.5,0,0,0,1,4475
23,9,2,2015,0,0,0,4475.0,5015.0,5022.0,3299.0,4357.142857142857,4260.0,4521.178571428572,0,0,0,1,3598
24,9,2,2015,1,0,0,3598.0,4303.0,4663.0,3492.0,4321.571428571428,4216.5,4541.25,0,0,0,1,4054
25,9,2,2015,2,0,0,4054.0,4833.0,3965.0,3586.0,4184.714285714285,4210.071428571428,4551.571428571428,0,0,0,1,3875
26,9,2,2015,3,0,0,3875.0,4180.0,3136.0,4840.0,4165.0,4274.785714285715,4523.071428571428,0,0,0,1,4042
27,9,2,2015,4,0,0,4042.0,4460.0,3735.0,4781.0,4200.428571428572,4344.285714285715,4520.464285714285,0,0,0,1,4708
28,9,2,2015,5,1,0,4708.0,4651.0,3900.0,4806.0,4291.571428571428,4443.5,4537.714285714285,0,0,0,1,5289
2,10,3,2015,0,0,1,5289.0,4475.0,4726.0,4310.0,4501.142857142857,4530.357142857143,4596.0,0,0,0,1,5942
3,10,3,2015,1,0,1,5942.0,3598.0,5015.0,5171.0,4765.857142857143,4561.5,4606.0,0,0,0,1,5451
4,10,3,2015,2,0,1,5451.0,4054.0,4303.0,5577.0,4982.142857142857,4651.857142857143,4605.678571428572,0,0,0,1,5568
5,10,3,2015,3,0,1,5568.0,3875.0,4833.0,5363.0,5059.857142857143,4622.285714285715,4571.964285714285,0,0,0,1,4419
6,10,3,2015,4,0,1,4419.0,4042.0,4180.0,6038.0,5253.428571428572,4709.214285714285,4549.071428571428,0,0,0,1,5397
7,10,3,2015,5,1,0,5397.0,4708.0,4460.0,4901.0,5236.857142857143,4718.642857142857,4538.035714285715,0,0,0,1,4592
9,11,3,2015,0,0,0,4592.0,5289.0,4651.0,4672.0,5010.0,4650.785714285715,4503.357142857143,0,0,0,1,3701
10,11,3,2015,1,0,0,3701.0,5942.0,4475.0,4394.0,4704.714285714285,4602.928571428572,4482.321428571428,0,0,0,1,3805
11,11,3,2015,2,0,0,3805.0,5451.0,3598.0,5022.0,4521.714285714285,4643.785714285715,4451.892857142857,0,0,0,1,4170
12,11,3,2015,3,0,0,4170.0,5568.0,4054.0,4663.0,4175.0,4578.571428571428,4397.535714285715,0,0,0,1,3141
13,11,3,2015,4,0,0,3141.0,4419.0,3875.0,3965.0,4075.8571428571427,4567.857142857143,4388.964285714285,0,0,0,1,3725
14,11,3,2015,5,1,0,3725.0,5397.0,4042.0,3136.0,4051.285714285714,4652.357142857143,4463.571428571428,0,0,0,1,5225
16,12,3,2015,0,0,1,5225.0,4592.0,4708.0,3735.0,4208.857142857143,4722.857142857143,4533.571428571428,0,0,0,1,5695
17,12,3,2015,1,0,1,5695.0,3701.0,5289.0,3900.0,4366.714285714285,4688.357142857143,4565.928571428572,0,0,0,1,4806
18,12,3,2015,2,0,1,4806.0,3805.0,5942.0,4726.0,4374.285714285715,4539.5,4534.928571428572,0,0,0,1,3858
19,12,3,2015,3,0,1,3858.0,4170.0,5451.0,5015.0,4456.857142857143,4489.285714285715,4525.392857142857,0,0,0,1,4748
20,12,3,2015,4,0,1,4748.0,3141.0,5568.0,4303.0,4587.714285714285,4381.357142857143,4516.607142857143,0,0,0,1,4057
21,12,3,2015,5,1,0,4057.0,3725.0,4419.0,4833.0,4614.0,4344.928571428572,4483.607142857143,0,0,0,1,3909
23,13,3,2015,0,0,0,3909.0,5225.0,5397.0,4180.0,4376.857142857143,4214.071428571428,4461.642857142857,0,0,0,1,3565
24,13,3,2015,1,0,0,3565.0,5695.0,4592.0,4460.0,4070.0,4139.428571428572,4429.035714285715,0,0,0,1,3547
25,13,3,2015,2,0,0,3547.0,4806.0,3701.0,4651.0,3887.8571428571427,4127.285714285715,4389.035714285715,0,0,0,1,3531
26,13,3,2015,3,0,0,3531.0,3858.0,3805.0,4475.0,3898.4285714285716,4136.357142857143,4369.642857142857,0,0,0,1,3932
27,13,3,2015,4,0,0,3932.0,4748.0,4170.0,3598.0,3792.285714285714,4124.571428571428,4384.178571428572,0,0,0,1,4005
28,13,3,2015,5,1,0,4005.0,4057.0,3141.0,4054.0,3956.714285714286,4272.214285714285,4425.392857142857,0,0,0,1,5208
30,14,3,2015,0,0,1,5208.0,3909.0,3725.0,3875.0,4357.428571428572,4485.714285714285,4526.785714285715,0,0,0,1,6714
31,14,3,2015,1,0,1,6714.0,3565.0,5225.0,4042.0,4734.714285714285,4555.785714285715,4604.071428571428,0,0,0,1,6206
1,14,4,2015,2,0,1,6206.0,3547.0,5695.0,4708.0,5201.714285714285,4635.857142857143,4679.357142857143,0,0,0,1,6816
2,14,4,2015,3,0,1,6816.0,3531.0,4806.0,5289.0,5636.428571428572,4762.142857142857,4725.25,0,0,0,1,6574
4,14,4,2015,5,1,0,6574.0,3932.0,3858.0,5942.0,6033.142857142857,4965.785714285715,4752.642857142857,0,0,0,1,6709
7,15,4,2015,1,0,0,6709.0,4005.0,4748.0,5451.0,6055.714285714285,4924.0,4706.642857142857,0,0,0,1,4163
8,15,4,2015,2,0,0,4163.0,5208.0,4057.0,5568.0,5910.857142857143,4933.785714285715,4657.571428571428,0,0,0,1,4194
9,15,4,2015,3,0,0,4194.0,6714.0,3909.0,4419.0,5447.0,4902.214285714285,4623.571428571428,0,0,0,1,3467
10,15,4,2015,4,0,0,3467.0,6206.0,3565.0,5397.0,5067.428571428572,4901.071428571428,4557.571428571428,0,0,0,1,3549
11,15,4,2015,5,1,0,3549.0,6816.0,3547.0,4592.0,4689.857142857143,4945.785714285715,4542.607142857143,0,0,0,1,4173
13,16,4,2015,0,0,1,4173.0,6574.0,3531.0,3701.0,4518.857142857143,5077.642857142857,4602.464285714285,0,0,0,1,5377
14,16,4,2015,1,0,1,5377.0,6709.0,3932.0,3805.0,4224.428571428572,5128.785714285715,4632.571428571428,0,0,0,1,4648
15,16,4,2015,2,0,1,4648.0,4163.0,4005.0,4170.0,4216.857142857143,5136.285714285715,4630.428571428572,0,0,0,1,4110
16,16,4,2015,3,0,1,4110.0,4194.0,5208.0,3141.0,4205.714285714285,5058.285714285715,4665.25,0,0,0,1,4116
17,16,4,2015,4,0,1,4116.0,3467.0,6714.0,3725.0,4384.428571428572,4915.714285714285,4700.714285714285,0,0,0,1,4718
18,16,4,2015,5,1,0,4718.0,3549.0,6206.0,5225.0,4533.714285714285,4800.571428571428,4678.178571428572,0,0,0,1,4594
20,17,4,2015,0,0,0,4594.0,4173.0,6816.0,5695.0,4469.285714285715,4579.571428571428,4607.714285714285,0,0,0,1,3722
21,17,4,2015,1,0,0,3722.0,5377.0,6574.0,4806.0,4135.0,4326.928571428572,4544.535714285715,0,0,0,1,3037
22,17,4,2015,2,0,0,3037.0,4648.0,6709.0,3858.0,3945.1428571428573,4084.785714285714,4525.285714285715,0,0,0,1,3319
23,17,4,2015,3,0,0,3319.0,4110.0,4163.0,4748.0,3797.4285714285716,4007.1428571428573,4465.571428571428,0,0,0,1,3076
24,17,4,2015,4,0,0,3076.0,4116.0,4194.0,4057.0,3666.285714285714,3936.0,4434.892857142857,0,0,0,1,3198
25,17,4,2015,5,1,0,3198.0,4718.0,3467.0,3909.0,3609.1428571428573,3996.785714285714,4449.5,0,0,0,1,4318
27,18,4,2015,0,0,1,4318.0,4594.0,3549.0,3565.0,3749.285714285714,4141.5,4521.285714285715,0,0,0,1,5575
28,18,4,2015,1,0,1,5575.0,3722.0,4173.0,3547.0,3960.285714285714,4214.785714285715,4580.285714285715,0,0,0,1,5199
29,18,4,2015,2,0,1,5199.0,3037.0,5377.0,3531.0,4351.428571428572,4243.214285714285,4660.428571428572,0,0,0,1,5775
30,18,4,2015,3,0,1,5775.0,3319.0,4648.0,3932.0,4767.0,4356.071428571428,4742.428571428572,0,0,0,1,6228
2,18,5,2015,5,1,0,6228.0,3076.0,4110.0,4005.0,5163.285714285715,4480.357142857143,4808.321428571428,0,0,0,1,5850
4,19,5,2015,0,0,1,5850.0,3198.0,4116.0,5208.0,5505.142857142857,4585.714285714285,4822.0,0,0,0,1,5591
5,19,5,2015,1,0,1,5591.0,4318.0,4718.0,6714.0,5540.285714285715,4574.714285714285,4745.214285714285,0,0,0,1,4564
6,19,5,2015,2,0,1,4564.0,5575.0,4594.0,6206.0,5452.428571428572,4600.857142857143,4700.714285714285,0,0,0,1,4960
7,19,5,2015,3,0,1,4960.0,5199.0,3722.0,6816.0,5356.714285714285,4658.5,4619.035714285715,0,0,0,1,4529
8,19,5,2015,4,0,1,4529.0,5775.0,3037.0,6574.0,5200.714285714285,4776.071428571428,4551.5,0,0,0,1,4683
9,19,5,2015,5,1,0,4683.0,6228.0,3319.0,6709.0,5017.428571428572,4892.214285714285,4488.5,0,0,0,1,4945
11,20,5,2015,0,0,0,4945.0,5850.0,3076.0,4163.0,4689.0,4926.142857142857,4466.642857142857,0,0,0,1,3551
12,20,5,2015,1,0,0,3551.0,5591.0,3198.0,4194.0,4397.0,4951.071428571428,4443.535714285715,0,0,0,1,3547
13,20,5,2015,2,0,0,3547.0,4564.0,4318.0,3467.0,4316.142857142857,4928.214285714285,4462.5,0,0,0,1,3998
15,20,5,2015,4,0,0,3998.0,4960.0,5575.0,3549.0,4204.428571428572,4828.428571428572,4484.964285714285,0,0,0,1,4178
16,20,5,2015,5,1,0,4178.0,4529.0,5199.0,4173.0,4190.428571428572,4773.571428571428,4494.178571428572,0,0,0,1,4431
18,21,5,2015,0,0,1,4431.0,4683.0,5775.0,5377.0,4275.714285714285,4738.214285714285,4490.714285714285,0,0,0,1,5280
19,21,5,2015,1,0,1,5280.0,4945.0,6228.0,4648.0,4317.142857142857,4667.285714285715,4511.678571428572,0,0,0,1,5235
20,21,5,2015,2,0,1,5235.0,3551.0,5850.0,4110.0,4486.285714285715,4587.642857142857,4534.0,0,0,0,1,4735
21,21,5,2015,3,0,1,4735.0,3547.0,5591.0,4116.0,4516.0,4456.5,4521.107142857143,0,0,0,1,3755
22,21,5,2015,4,0,1,3755.0,3998.0,4564.0,4718.0,4581.857142857143,4449.0,4511.857142857143,0,0,0,1,4459
23,21,5,2015,5,1,0,4459.0,4178.0,4960.0,4594.0,4595.857142857143,4400.142857142857,4500.5,0,0,0,1,4276
26,22,5,2015,1,0,0,4276.0,4431.0,4529.0,3722.0,4564.428571428572,4377.428571428572,4517.964285714285,0,0,0,1,4211
27,22,5,2015,2,0,0,4211.0,5280.0,4683.0,3037.0,4393.428571428572,4334.571428571428,4555.321428571428,0,0,0,1,4083
28,22,5,2015,3,0,0,4083.0,5235.0,4945.0,3319.0,4232.857142857143,4275.0,4583.607142857143,0,0,0,1,4111
29,22,5,2015,4,0,0,4111.0,4735.0,3551.0,3076.0,4221.571428571428,4353.928571428572,4640.035714285715,0,0,0,1,4656
30,22,5,2015,5,1,0,4656.0,3755.0,3547.0,3198.0,4484.0,4500.0,4725.535714285715,0,0,0,1,5592
1,23,6,2015,0,0,1,5592.0,4459.0,3998.0,4318.0,4671.857142857143,4626.857142857143,4777.535714285715,0,0,0,1,5774
2,23,6,2015,1,0,1,5774.0,4276.0,4178.0,5575.0,4839.571428571428,4717.714285714285,4773.071428571428,0,0,0,1,5450
3,23,6,2015,2,0,1,5450.0,4211.0,4431.0,5199.0,5067.857142857143,4816.142857142857,4794.857142857143,0,0,0,1,5809
5,23,6,2015,4,0,1,5809.0,4083.0,5280.0,5775.0,5253.714285714285,4823.571428571428,4780.892857142857,0,0,0,1,5384
6,23,6,2015,5,1,0,5384.0,4111.0,5235.0,6228.0,5264.0,4748.428571428572,4707.857142857143,0,0,0,1,4183
8,24,6,2015,0,0,0,4183.0,4656.0,4735.0,5850.0,5180.428571428572,4701.0,4644.321428571428,0,0,0,1,4071
9,24,6,2015,1,0,0,4071.0,5592.0,3755.0,5591.0,4967.571428571428,4725.785714285715,4591.142857142857,0,0,0,1,4102
10,24,6,2015,2,0,0,4102.0,5774.0,4459.0,4564.0,4655.714285714285,4663.785714285715,4556.392857142857,0,0,0,1,3591
11,24,6,2015,3,0,0,3591.0,5450.0,4276.0,4960.0,4395.285714285715,4617.428571428572,4508.785714285715,0,0,0,1,3627
12,24,6,2015,4,0,0,3627.0,5809.0,4211.0,4529.0,4093.285714285714,4580.571428571428,4479.0,0,0,0,1,3695
13,24,6,2015,5,1,0,3695.0,5384.0,4083.0,4683.0,3932.1428571428573,4592.928571428572,4463.75,0,0,0,1,4256
15,25,6,2015,0,0,1,4256.0,4183.0,4111.0,4945.0,4122.857142857143,4693.428571428572,4484.214285714285,0,0,0,1,5518
16,25,6,2015,1,0,1,5518.0,4071.0,4656.0,3551.0,4234.428571428572,4707.428571428572,4530.678571428572,0,0,0,1,4852
17,25,6,2015,2,0,1,4852.0,4102.0,5592.0,3547.0,4219.857142857143,4593.714285714285,4546.857142857143,0,0,0,1,4000
18,25,6,2015,3,0,1,4000.0,3591.0,5774.0,3998.0,4370.428571428572,4513.071428571428,4569.964285714285,0,0,0,1,4645
19,25,6,2015,4,0,1,4645.0,3627.0,5450.0,4178.0,4452.571428571428,4423.928571428572,4570.821428571428,0,0,0,1,4202
20,25,6,2015,5,1,0,4202.0,3695.0,5809.0,4431.0,4510.0,4301.642857142857,4558.892857142857,0,0,0,1,4097
22,26,6,2015,0,0,0,4097.0,4256.0,5384.0,5280.0,4451.428571428572,4191.785714285715,4507.678571428572,0,0,0,1,3846
23,26,6,2015,1,0,0,3846.0,5518.0,4183.0,5235.0,4200.571428571428,4161.714285714285,4455.071428571428,0,0,0,1,3762
24,26,6,2015,2,0,0,3762.0,4852.0,4071.0,4735.0,3985.4285714285716,4109.928571428572,4405.464285714285,0,0,0,1,3346
25,26,6,2015,3,0,0,3346.0,4000.0,4102.0,3755.0,3918.714285714286,4069.285714285714,4397.535714285715,0,0,0,1,3533
26,26,6,2015,4,0,0,3533.0,4645.0,3591.0,4459.0,3729.0,4049.714285714286,4356.75,0,0,0,1,3317
27,26,6,2015,5,1,0,3317.0,4202.0,3627.0,4276.0,3702.8571428571427,4077.714285714286,4347.571428571428,0,0,0,1,4019
29,27,6,2015,0,0,1,4019.0,4097.0,3695.0,4211.0,3860.0,4185.0,4382.785714285715,0,0,0,1,5197
30,27,6,2015,1,0,1,5197.0,3846.0,4256.0,4083.0,4129.857142857143,4290.642857142857,4441.785714285715,0,0,0,1,5735
1,27,7,2015,2,0,1,5735.0,3762.0,5518.0,4111.0,4338.571428571428,4269.571428571428,4481.5,0,0,0,1,5223
2,27,7,2015,3,0,1,5223.0,3346.0,4852.0,4656.0,4654.571428571428,4320.0,4513.714285714285,0,0,0,1,5558
3,27,7,2015,4,0,1,5558.0,3533.0,4000.0,5592.0,4816.285714285715,4367.5,4480.607142857143,0,0,0,1,4665
4,27,7,2015,5,1,0,4665.0,3317.0,4645.0,5774.0,5027.714285714285,4378.357142857143,4445.714285714285,0,0,0,1,4797
6,28,7,2015,0,0,0,4797.0,4019.0,4202.0,5450.0,5076.285714285715,4389.571428571428,4406.75,0,0,0,1,4359
7,28,7,2015,1,0,0,4359.0,5197.0,4097.0,5809.0,4855.285714285715,4357.642857142857,4329.642857142857,0,0,0,1,3650
8,28,7,2015,2,0,0,3650.0,5735.0,3846.0,5384.0,4578.428571428572,4354.142857142857,4272.964285714285,0,0,0,1,3797
9,28,7,2015,3,0,0,3797.0,5223.0,3762.0,4183.0,4389.0,4363.785714285715,4262.75,0,0,0,1,3897
10,28,7,2015,4,0,0,3897.0,5558.0,3346.0,4071.0,4139.0,4396.785714285715,4253.357142857143,0,0,0,1,3808
11,28,7,2015,5,1,0,3808.0,4665.0,3533.0,4102.0,3976.8571428571427,4396.571428571428,4232.928571428572,0,0,0,1,3530
13,29,7,2015,0,0,1,3530.0,4797.0,3317.0,3591.0,4013.5714285714284,4520.642857142857,4285.178571428572,0,0,0,1,5054
14,29,7,2015,1,0,1,5054.0,4359.0,4019.0,3627.0,4111.142857142857,4593.714285714285,4335.714285714285,0,0,0,1,5042
15,29,7,2015,2,0,1,5042.0,3650.0,5197.0,3695.0,4270.714285714285,4563.0,4374.0,0,0,0,1,4767
16,29,7,2015,3,0,1,4767.0,3797.0,5735.0,4256.0,4360.714285714285,4469.571428571428,4380.107142857143,0,0,0,1,4427
17,29,7,2015,4,0,1,4427.0,3897.0,5223.0,5518.0,4497.142857142857,4443.071428571428,4356.321428571428,0,0,0,1,4852
18,29,7,2015,5,1,0,4852.0,3808.0,5558.0,4852.0,4582.571428571428,4360.785714285715,4340.392857142857,0,0,0,1,4406
20,30,7,2015,0,0,0,4406.0,3530.0,4665.0,4000.0,4706.142857142857,4341.5,4354.5,0,0,0,1,4395
21,30,7,2015,1,0,0,4395.0,5054.0,4797.0,4645.0,4492.428571428572,4253.0,4315.678571428572,0,0,0,1,3558
22,30,7,2015,2,0,0,3558.0,5042.0,4359.0,4202.0,4267.0,4189.071428571428,4289.321428571428,0,0,0,1,3464
23,30,7,2015,3,0,0,3464.0,4767.0,3650.0,4097.0,4124.428571428572,4197.571428571428,4277.607142857143,0,0,0,1,3769
24,30,7,2015,4,0,0,3769.0,4427.0,3797.0,3846.0,4021.4285714285716,4191.071428571428,4272.607142857143,0,0,0,1,3706
25,30,7,2015,5,1,0,3706.0,4852.0,3897.0,3762.0,3951.714285714286,4224.428571428572,4294.107142857143,0,0,0,1,4364
27,31,7,2015,0,0,1,4364.0,4406.0,3808.0,3346.0,4194.0,4388.285714285715,4392.535714285715,0,0,0,1,6102
28,31,7,2015,1,0,1,6102.0,4395.0,3530.0,3533.0,4282.0,4494.071428571428,4445.321428571428,0,0,0,1,5011
29,31,7,2015,2,0,1,5011.0,3558.0,5054.0,3317.0,4456.857142857143,4474.642857142857,4497.642857142857,0,0,0,1,4782
30,31,7,2015,3,0,1,4782.0,3464.0,5042.0,4019.0,4679.142857142857,4473.071428571428,4533.392857142857,0,0,0,1,5020
31,31,7,2015,4,0,1,5020.0,3769.0,4767.0,5197.0,4892.571428571428,4508.5,4535.75,0,0,0,1,5263
